{
	"credit": "Hecho por Melany :3",
	"parent": "block/template_orientable_trapdoor_bottom",
	"textures": {
		"texture": "block/acacia_trapdoor",
		"side": "block/acacia_trapdoor_side"
	},
	"elements": [
		{
			"from": [ 14, 0, 13 ],
			"to": [ 16, 16, 16 ],
			"faces": {
				"down": { "uv": [ 14, 0, 16, 3 ], "texture": "#side" },
				"up": { "uv": [ 2, 3, 0, 0 ], "texture": "#side" },
				"north": { "uv": [ 2, 0, 0, 16 ], "texture": "#texture", "rotation": 180 },
				"south": { "uv": [ 0, 0, 2, 16 ], "texture": "#texture", "rotation": 180 },
				"west": { "uv": [ 0, 0, 16, 3 ], "texture": "#side", "rotation": 90 },
				"east": { "uv": [ 0, 0, 16, 3 ], "texture": "#side", "rotation": 270 }
			}
		},
		{
			"from": [ 4, 3, 13 ],
			"to": [ 7, 13, 16 ],
			"faces": {
				"north": { "uv": [ 12, 3, 9, 13 ], "texture": "#texture", "rotation": 180 },
				"south": { "uv": [ 9, 3, 12, 13 ], "texture": "#texture", "rotation": 180 },
				"west": { "uv": [ 0, 0, 16, 3 ], "texture": "#side", "rotation": 90 },
				"east": { "uv": [ 0, 0, 16, 3 ], "texture": "#side", "rotation": 270 }
			}
		},
		{
			"from": [ 2, 0, 13.0001 ],
			"to": [ 14, 3, 16.0001 ],
			"faces": {
				"down": { "uv": [ 3, 0, 13, 3 ], "texture": "#side" },
				"up": { "uv": [ 13, 3, 3, 0 ], "texture": "#side" },
				"north": { "uv": [ 14, 0, 2, 3 ], "texture": "#texture", "rotation": 180 },
				"south": { "uv": [ 2, 0, 14, 3 ], "texture": "#texture", "rotation": 180 }
			}
		},
		{
			"from": [ 2, 13, 13 ],
			"to": [ 14, 16, 16 ],
			"faces": {
				"down": { "uv": [ 3, 0, 13, 3 ], "texture": "#side" },
				"up": { "uv": [ 13, 3, 3, 0 ], "texture": "#side" },
				"north": { "uv": [ 14, 13, 2, 16 ], "texture": "#texture", "rotation": 180 },
				"south": { "uv": [ 2, 13, 14, 16 ], "texture": "#texture", "rotation": 180 }
			}
		},
		{
			"from": [ 0, 0, 13 ],
			"to": [ 2, 16, 16 ],
			"faces": {
				"down": { "uv": [ 0, 0, 3, 3 ], "texture": "#side" },
				"up": { "uv": [ 16, 3, 13, 0 ], "texture": "#side" },
				"north": { "uv": [ 16, 0, 14, 16 ], "texture": "#texture", "rotation": 180 },
				"south": { "uv": [ 14, 0, 16, 16 ], "texture": "#texture", "rotation": 180 },
				"west": { "uv": [ 0, 0, 16, 3 ], "texture": "#side", "rotation": 90 },
				"east": { "uv": [ 0, 0, 16, 3 ], "texture": "#side", "rotation": 270 }
			}
		},
		{
			"from": [ 9, 3, 13 ],
			"to": [ 12, 13, 16 ],
			"faces": {
				"north": { "uv": [ 7, 3, 4, 13 ], "texture": "#texture", "rotation": 180 },
				"south": { "uv": [ 4, 3, 7, 13 ], "texture": "#texture", "rotation": 180 },
				"west": { "uv": [ 0, 0, 16, 3 ], "texture": "#side", "rotation": 90 },
				"east": { "uv": [ 0, 0, 16, 3 ], "texture": "#side", "rotation": 270 }
			}
		}
	]
}