{
	"credit": "Hecho por Melany :3",
	"parent": "minecraft:block/door_bottom_left",
	"textures": {
		"2": "block/bamboo_door_side",
		"bottom": "block/bamboo_door_bottom",
		"particle": "block/bamboo_door_side"
	},
	"elements": [
		{
			"from": [0, 0, 0],
			"to": [3, 16, 4],
			"faces": {
				"north": {"uv": [3, 0, 6, 16], "texture": "#2"},
				"east": {"uv": [4, 0, 0, 16], "texture": "#bottom"},
				"south": {"uv": [0, 0, 3, 16], "texture": "#bottom"},
				"west": {"uv": [0, 0, 4, 16], "texture": "#bottom"},
				"down": {"uv": [13, 3, 16, 7], "texture": "#bottom"}
			}
		},
		{
			"from": [0, 0, 12],
			"to": [3, 16, 16],
			"faces": {
				"north": {"uv": [13, 0, 16, 16], "texture": "#bottom"},
				"east": {"uv": [16, 0, 12, 16], "texture": "#bottom"},
				"south": {"uv": [9, 0, 12, 16], "texture": "#2"},
				"west": {"uv": [12, 0, 16, 16], "texture": "#bottom"},
				"down": {"uv": [13, 7, 16, 11], "texture": "#bottom"}
			}
		},
		{
			"from": [0, 0, 4],
			"to": [3, 4, 12],
			"faces": {
				"north": {"uv": [0, 0, 3, 3], "texture": "#bottom"},
				"east": {"uv": [12, 12, 4, 16], "texture": "#bottom"},
				"south": {"uv": [0, 0, 3, 3], "texture": "#bottom"},
				"west": {"uv": [4, 12, 12, 16], "texture": "#bottom"},
				"up": {"uv": [0, 0, 3, 8], "texture": "#bottom"},
				"down": {"uv": [0, 0, 3, 8], "texture": "#bottom"}
			}
		},
		{
			"from": [0, 12, 4],
			"to": [3, 16, 12],
			"faces": {
				"north": {"uv": [0, 0, 3, 3], "texture": "#bottom"},
				"east": {"uv": [12, 0, 4, 4], "texture": "#bottom"},
				"south": {"uv": [0, 0, 3, 3], "texture": "#bottom"},
				"west": {"uv": [4, 0, 12, 4], "texture": "#bottom"},
				"down": {"uv": [0, 0, 3, 8], "texture": "#bottom"}
			}
		},
		{
			"from": [0.25, 4, 4],
			"to": [2.75, 12, 12],
			"faces": {
				"north": {"uv": [0, 0, 2.5, 8], "texture": "#bottom"},
				"east": {"uv": [12, 4, 4, 12], "texture": "#bottom"},
				"south": {"uv": [0, 0, 2.5, 8], "texture": "#bottom"},
				"west": {"uv": [4, 4, 12, 12], "texture": "#bottom"},
				"up": {"uv": [0, 0, 2.5, 8], "texture": "#bottom"},
				"down": {"uv": [0, 0, 2.5, 8], "texture": "#bottom"}
			}
		},
		{
			"from": [0, 6, 5],
			"to": [3, 11, 6],
			"faces": {
				"north": {"uv": [0, 0, 3, 5], "texture": "#bottom"},
				"east": {"uv": [10, 5, 11, 10], "texture": "#bottom"},
				"south": {"uv": [0, 0, 3, 5], "texture": "#bottom"},
				"west": {"uv": [5, 5, 6, 10], "texture": "#bottom"},
				"up": {"uv": [0, 0, 3, 1], "texture": "#bottom"},
				"down": {"uv": [0, 0, 3, 1], "texture": "#bottom"}
			}
		},
		{
			"from": [0, 6, 10],
			"to": [3, 11, 11],
			"faces": {
				"north": {"uv": [0, 0, 3, 5], "texture": "#bottom"},
				"east": {"uv": [10, 5, 11, 10], "texture": "#bottom"},
				"south": {"uv": [0, 0, 3, 5], "texture": "#bottom"},
				"west": {"uv": [5, 5, 6, 10], "texture": "#bottom"},
				"up": {"uv": [0, 0, 3, 1], "texture": "#bottom"},
				"down": {"uv": [0, 0, 3, 1], "texture": "#bottom"}
			}
		},
		{
			"from": [0, 7, 7],
			"to": [3, 11, 9],
			"faces": {
				"north": {"uv": [0, 0, 3, 5], "texture": "#bottom"},
				"east": {"uv": [7, 5, 9, 9], "texture": "#bottom"},
				"south": {"uv": [0, 0, 3, 5], "texture": "#bottom"},
				"west": {"uv": [7, 5, 9, 9], "texture": "#bottom"},
				"up": {"uv": [0, 0, 3, 1], "texture": "#bottom"},
				"down": {"uv": [0, 0, 3, 1], "texture": "#bottom"}
			}
		},
		{
			"from": [0, 5, 6],
			"to": [3, 6, 10],
			"faces": {
				"north": {"uv": [0, 0, 3, 1], "texture": "#bottom"},
				"east": {"uv": [6, 10, 10, 11], "texture": "#bottom"},
				"south": {"uv": [0, 0, 3, 1], "texture": "#bottom"},
				"west": {"uv": [6, 10, 10, 11], "texture": "#bottom"},
				"up": {"uv": [0, 0, 3, 4], "texture": "#bottom"},
				"down": {"uv": [0, 0, 3, 4], "texture": "#bottom"}
			}
		},
		{
			"from": [-0.25, 12, 11],
			"to": [0, 13, 13],
			"faces": {
				"north": {"uv": [11, 3, 12.5, 4], "texture": "#bottom"},
				"east": {"uv": [11, 3, 13, 4], "texture": "#bottom"},
				"south": {"uv": [11, 3, 12.5, 4], "texture": "#bottom"},
				"west": {"uv": [11, 3, 13, 4], "texture": "#bottom"},
				"up": {"uv": [11, 3, 12.5, 4], "texture": "#bottom"},
				"down": {"uv": [11, 3, 12.5, 4], "texture": "#bottom"}
			}
		},
		{
			"from": [-0.25, 15, 11],
			"to": [0, 16, 13],
			"faces": {
				"north": {"uv": [11, 3, 12.5, 4], "texture": "#bottom"},
				"east": {"uv": [11, 3, 13, 4], "texture": "#bottom"},
				"south": {"uv": [11, 3, 12.5, 4], "texture": "#bottom"},
				"west": {"uv": [11, 3, 13, 4], "texture": "#bottom"},
				"up": {"uv": [11, 3, 12.5, 4], "texture": "#bottom"},
				"down": {"uv": [11, 3, 12.5, 4], "texture": "#bottom"}
			}
		},
		{
			"from": [3, 12, 11],
			"to": [3.25, 13, 13],
			"faces": {
				"north": {"uv": [11, 3, 12.5, 4], "texture": "#bottom"},
				"east": {"uv": [11, 3, 13, 4], "texture": "#bottom"},
				"south": {"uv": [11, 3, 12.5, 4], "texture": "#bottom"},
				"west": {"uv": [11, 3, 13, 4], "texture": "#bottom"},
				"up": {"uv": [11, 3, 12.5, 4], "texture": "#bottom"},
				"down": {"uv": [11, 3, 12.5, 4], "texture": "#bottom"}
			}
		},
		{
			"from": [3, 15, 11],
			"to": [3.25, 16, 13],
			"faces": {
				"north": {"uv": [11, 3, 12.5, 4], "texture": "#bottom"},
				"east": {"uv": [11, 3, 13, 4], "texture": "#bottom"},
				"south": {"uv": [11, 3, 12.5, 4], "texture": "#bottom"},
				"west": {"uv": [11, 3, 13, 4], "texture": "#bottom"},
				"up": {"uv": [11, 3, 12.5, 4], "texture": "#bottom"},
				"down": {"uv": [11, 3, 12.5, 4], "texture": "#bottom"}
			}
		},
		{
			"from": [3, 13, 10],
			"to": [3.25, 15, 11],
			"faces": {
				"north": {"uv": [10, 1, 10.25, 3], "texture": "#bottom"},
				"east": {"uv": [10, 1, 11, 3], "texture": "#bottom"},
				"south": {"uv": [10, 1, 10.25, 3], "texture": "#bottom"},
				"west": {"uv": [10, 1, 11, 3], "texture": "#bottom"},
				"up": {"uv": [10, 2, 10.25, 3], "texture": "#bottom"},
				"down": {"uv": [10, 2, 10.25, 3], "texture": "#bottom"}
			}
		},
		{
			"from": [3, 13, 13],
			"to": [3.25, 15, 14],
			"faces": {
				"north": {"uv": [13, 1, 13.25, 3], "texture": "#bottom"},
				"east": {"uv": [13, 1, 14, 3], "texture": "#bottom"},
				"south": {"uv": [13, 1, 13.25, 3], "texture": "#bottom"},
				"west": {"uv": [13, 1, 14, 3], "texture": "#bottom"},
				"up": {"uv": [0, 0, 0.25, 1], "texture": "#bottom"},
				"down": {"uv": [13, 2, 13.25, 3], "texture": "#bottom"}
			}
		},
		{
			"from": [-0.25, 13, 10],
			"to": [0, 15, 11],
			"faces": {
				"north": {"uv": [10, 1, 10.25, 3], "texture": "#bottom"},
				"east": {"uv": [10, 1, 11, 3], "texture": "#bottom"},
				"south": {"uv": [10, 1, 10.25, 3], "texture": "#bottom"},
				"west": {"uv": [10, 1, 11, 3], "texture": "#bottom"},
				"up": {"uv": [10, 2, 10.25, 3], "texture": "#bottom"},
				"down": {"uv": [10, 2, 10.25, 3], "texture": "#bottom"}
			}
		},
		{
			"from": [-0.25, 13, 13],
			"to": [0, 15, 14],
			"faces": {
				"north": {"uv": [13, 1, 13.25, 3], "texture": "#bottom"},
				"east": {"uv": [13, 1, 14, 3], "texture": "#bottom"},
				"south": {"uv": [13, 1, 13.25, 3], "texture": "#bottom"},
				"west": {"uv": [13, 1, 14, 3], "texture": "#bottom"},
				"up": {"uv": [13, 2, 13.25, 3], "texture": "#bottom"},
				"down": {"uv": [13, 2, 13.25, 3], "texture": "#bottom"}
			}
		}
	]
}