{
	"credit": "Hecho por Melany :3",
	"parent": "minecraft:block/template_orientable_trapdoor_open",
	"textures": {
		"0": "block/bamboo_trapdoor",
		"1": "block/bamboo_trapdoor_side",
		"particle": "block/bamboo_trapdoor"
	},
	"elements": [
		{
			"from": [0, 13, 13],
			"to": [16, 16, 16],
			"faces": {
				"north": {"uv": [0, 13, 16, 16], "rotation": 180, "texture": "#0"},
				"east": {"uv": [12, 0, 16, 3], "rotation": 270, "texture": "#1"},
				"south": {"uv": [0, 0, 16, 3], "texture": "#0"},
				"west": {"uv": [0, 0, 4, 3], "rotation": 90, "texture": "#1"},
				"up": {"uv": [0, 0, 16, 3], "rotation": 180, "texture": "#1"},
				"down": {"uv": [0, 0, 16, 3], "texture": "#0"}
			}
		},
		{
			"from": [0, 0, 13],
			"to": [16, 3, 16],
			"faces": {
				"north": {"uv": [0, 16, 16, 13], "rotation": 180, "texture": "#0"},
				"east": {"uv": [0, 0, 4, 3], "rotation": 270, "texture": "#1"},
				"south": {"uv": [0, 13, 16, 16], "texture": "#0"},
				"west": {"uv": [12, 0, 16, 3], "rotation": 90, "texture": "#1"},
				"up": {"uv": [0, 0, 16, 3], "rotation": 180, "texture": "#0"},
				"down": {"uv": [0, 3, 16, 0], "texture": "#1"}
			}
		},
		{
			"from": [0, 3, 13],
			"to": [3, 13, 16],
			"faces": {
				"north": {"uv": [0, 3, 3, 13], "rotation": 180, "texture": "#0"},
				"east": {"uv": [4, 0, 12, 3], "rotation": 270, "texture": "#0"},
				"south": {"uv": [0, 3, 3, 13], "texture": "#0"},
				"west": {"uv": [3, 0, 13, 3], "rotation": 90, "texture": "#1"},
				"up": {"uv": [0, 0, 4, 3], "rotation": 180, "texture": "#0"},
				"down": {"uv": [0, 0, 4, 3], "texture": "#0"}
			}
		},
		{
			"from": [13, 3, 13],
			"to": [16, 13, 16],
			"faces": {
				"north": {"uv": [13, 3, 16, 13], "rotation": 180, "texture": "#0"},
				"east": {"uv": [3, 0, 13, 3], "rotation": 270, "texture": "#1"},
				"south": {"uv": [13, 3, 16, 13], "texture": "#0"},
				"west": {"uv": [4, 0, 12, 3], "rotation": 90, "texture": "#0"},
				"up": {"uv": [0, 0, 4, 3], "rotation": 180, "texture": "#0"},
				"down": {"uv": [0, 0, 4, 3], "texture": "#0"}
			}
		},
		{
			"from": [6, 3, 13],
			"to": [7, 7, 16],
			"faces": {
				"north": {"uv": [6, 9, 7, 13], "texture": "#0"},
				"east": {"uv": [6, 9, 7, 13], "texture": "#0"},
				"south": {"uv": [6, 9, 7, 13], "texture": "#0"},
				"west": {"uv": [6, 9, 7, 13], "texture": "#0"},
				"up": {"uv": [6, 9, 7, 12], "texture": "#0"},
				"down": {"uv": [0, 0, 1, 3], "texture": "#missing"}
			}
		},
		{
			"from": [3, 6, 13],
			"to": [6, 7, 16],
			"faces": {
				"north": {"uv": [3, 9, 6, 10], "texture": "#0"},
				"east": {"uv": [6, 9, 7, 13], "texture": "#0"},
				"south": {"uv": [3, 9, 6, 10], "texture": "#0"},
				"west": {"uv": [6, 9, 7, 13], "texture": "#0"},
				"up": {"uv": [7, 9, 6, 12], "texture": "#0"},
				"down": {"uv": [6, 9, 7, 12], "texture": "#0"}
			}
		},
		{
			"from": [6, 9, 13],
			"to": [7, 13, 16],
			"faces": {
				"north": {"uv": [6, 9, 7, 13], "texture": "#0"},
				"east": {"uv": [6, 9, 7, 13], "texture": "#0"},
				"south": {"uv": [6, 9, 7, 13], "texture": "#0"},
				"west": {"uv": [6, 9, 7, 13], "texture": "#0"},
				"up": {"uv": [6, 9, 7, 12], "texture": "#0"},
				"down": {"uv": [6, 9, 7, 12], "texture": "#0"}
			}
		},
		{
			"from": [3, 9, 13],
			"to": [6, 10, 16],
			"faces": {
				"north": {"uv": [3, 9, 6, 10], "texture": "#0"},
				"east": {"uv": [3, 9, 6, 10], "texture": "#0"},
				"south": {"uv": [3, 6, 6, 7], "texture": "#0"},
				"west": {"uv": [6, 9, 7, 13], "texture": "#0"},
				"up": {"uv": [7, 9, 6, 12], "texture": "#0"},
				"down": {"uv": [3, 6, 6, 7], "texture": "#0"}
			}
		},
		{
			"from": [10, 6, 13],
			"to": [13, 7, 16],
			"faces": {
				"north": {"uv": [3, 9, 6, 10], "texture": "#0"},
				"east": {"uv": [6, 9, 7, 13], "texture": "#0"},
				"south": {"uv": [3, 9, 6, 10], "texture": "#0"},
				"west": {"uv": [6, 9, 7, 13], "texture": "#0"},
				"up": {"uv": [7, 9, 6, 12], "texture": "#0"},
				"down": {"uv": [6, 9, 7, 12], "texture": "#0"}
			}
		},
		{
			"from": [10, 9, 13],
			"to": [13, 10, 16],
			"faces": {
				"north": {"uv": [3, 9, 6, 10], "texture": "#0"},
				"east": {"uv": [6, 9, 7, 13], "texture": "#0"},
				"south": {"uv": [3, 9, 6, 10], "texture": "#0"},
				"west": {"uv": [6, 9, 7, 13], "texture": "#0"},
				"up": {"uv": [7, 9, 6, 12], "texture": "#0"},
				"down": {"uv": [6, 9, 7, 12], "texture": "#0"}
			}
		},
		{
			"from": [9, 3, 13],
			"to": [10, 7, 16],
			"faces": {
				"north": {"uv": [6, 9, 7, 13], "texture": "#0"},
				"east": {"uv": [6, 9, 7, 13], "texture": "#0"},
				"south": {"uv": [6, 9, 7, 13], "texture": "#0"},
				"west": {"uv": [6, 9, 7, 13], "texture": "#0"},
				"up": {"uv": [6, 9, 7, 12], "texture": "#0"},
				"down": {"uv": [0, 0, 1, 3], "texture": "#missing"}
			}
		},
		{
			"from": [9, 9, 13],
			"to": [10, 13, 16],
			"faces": {
				"north": {"uv": [6, 9, 7, 13], "texture": "#0"},
				"east": {"uv": [6, 9, 7, 13], "texture": "#0"},
				"south": {"uv": [6, 9, 7, 13], "texture": "#0"},
				"west": {"uv": [6, 9, 7, 13], "texture": "#0"},
				"up": {"uv": [6, 9, 7, 12], "texture": "#0"},
				"down": {"uv": [6, 9, 7, 12], "texture": "#0"}
			}
		},
		{
			"from": [11, 10, 13.15],
			"to": [12, 13, 15.9],
			"faces": {
				"north": {"uv": [4, 3, 5, 6], "texture": "#0"},
				"east": {"uv": [4, 3, 5, 6], "texture": "#0"},
				"south": {"uv": [4, 3, 5, 6], "texture": "#0"},
				"west": {"uv": [4, 3, 5, 6], "texture": "#0"},
				"up": {"uv": [6, 9, 7, 12], "texture": "#0"},
				"down": {"uv": [6, 9, 7, 12], "texture": "#0"}
			}
		},
		{
			"from": [4, 7, 13.15],
			"to": [5, 9, 15.9],
			"faces": {
				"north": {"uv": [4, 7, 5, 9], "texture": "#0"},
				"east": {"uv": [4, 7, 5, 9], "texture": "#0"},
				"south": {"uv": [4, 7, 5, 9], "texture": "#0"},
				"west": {"uv": [4, 7, 5, 9], "texture": "#0"},
				"up": {"uv": [6, 9, 7, 12], "texture": "#0"},
				"down": {"uv": [6, 9, 7, 12], "texture": "#0"}
			}
		},
		{
			"from": [4, 10, 13.15],
			"to": [5, 13, 15.9],
			"faces": {
				"north": {"uv": [4, 3, 5, 6], "texture": "#0"},
				"east": {"uv": [4, 3, 5, 6], "texture": "#0"},
				"south": {"uv": [4, 3, 5, 6], "texture": "#0"},
				"west": {"uv": [4, 3, 5, 6], "texture": "#0"},
				"up": {"uv": [6, 9, 7, 12], "texture": "#0"},
				"down": {"uv": [6, 9, 7, 12], "texture": "#0"}
			}
		},
		{
			"from": [11, 3, 13.15],
			"to": [12, 6, 15.9],
			"faces": {
				"north": {"uv": [4, 3, 5, 6], "texture": "#0"},
				"east": {"uv": [4, 3, 5, 6], "texture": "#0"},
				"south": {"uv": [4, 3, 5, 6], "texture": "#0"},
				"west": {"uv": [4, 3, 5, 6], "texture": "#0"},
				"up": {"uv": [6, 9, 7, 12], "texture": "#0"},
				"down": {"uv": [6, 9, 7, 12], "texture": "#0"}
			}
		},
		{
			"from": [4, 3, 13.15],
			"to": [5, 6, 15.9],
			"faces": {
				"north": {"uv": [4, 3, 5, 6], "texture": "#0"},
				"east": {"uv": [4, 3, 5, 6], "texture": "#0"},
				"south": {"uv": [4, 3, 5, 6], "texture": "#0"},
				"west": {"uv": [4, 3, 5, 6], "texture": "#0"},
				"up": {"uv": [6, 9, 7, 12], "texture": "#0"},
				"down": {"uv": [6, 9, 7, 12], "texture": "#0"}
			}
		},
		{
			"from": [11, 7, 13.15],
			"to": [12, 9, 15.9],
			"faces": {
				"north": {"uv": [4, 7, 5, 9], "texture": "#0"},
				"east": {"uv": [4, 7, 5, 9], "texture": "#0"},
				"south": {"uv": [4, 7, 5, 9], "texture": "#0"},
				"west": {"uv": [4, 7, 5, 9], "texture": "#0"},
				"up": {"uv": [6, 9, 7, 12], "texture": "#0"},
				"down": {"uv": [6, 9, 7, 12], "texture": "#0"}
			}
		},
		{
			"from": [3, 4, 13.25],
			"to": [4, 5, 15.75],
			"faces": {
				"north": {"uv": [3, 11, 4, 12], "texture": "#0"},
				"east": {"uv": [0, 0, 2.5, 1], "texture": "#missing"},
				"south": {"uv": [3, 11, 4, 12], "texture": "#0"},
				"west": {"uv": [0, 0, 2.5, 1], "texture": "#missing"},
				"up": {"uv": [3, 11, 4, 12], "texture": "#0"},
				"down": {"uv": [3, 11, 4, 12], "texture": "#0"}
			}
		},
		{
			"from": [12, 4, 13.25],
			"to": [13, 5, 15.75],
			"faces": {
				"north": {"uv": [3, 11, 4, 12], "texture": "#0"},
				"east": {"uv": [0, 0, 2.5, 1], "texture": "#missing"},
				"south": {"uv": [3, 11, 4, 12], "texture": "#0"},
				"west": {"uv": [0, 0, 2.5, 1], "texture": "#missing"},
				"up": {"uv": [3, 11, 4, 12], "texture": "#0"},
				"down": {"uv": [3, 11, 4, 12], "texture": "#0"}
			}
		},
		{
			"from": [5, 4, 13.25],
			"to": [6, 5, 15.75],
			"faces": {
				"north": {"uv": [3, 11, 4, 12], "texture": "#0"},
				"east": {"uv": [0, 0, 2.5, 1], "texture": "#missing"},
				"south": {"uv": [3, 11, 4, 12], "texture": "#0"},
				"west": {"uv": [0, 0, 2.5, 1], "texture": "#missing"},
				"up": {"uv": [3, 11, 4, 12], "texture": "#0"},
				"down": {"uv": [3, 11, 4, 12], "texture": "#0"}
			}
		},
		{
			"from": [10, 4, 13.25],
			"to": [11, 5, 15.75],
			"faces": {
				"north": {"uv": [3, 11, 4, 12], "texture": "#0"},
				"east": {"uv": [0, 0, 2.5, 1], "texture": "#missing"},
				"south": {"uv": [3, 11, 4, 12], "texture": "#0"},
				"west": {"uv": [0, 0, 2.5, 1], "texture": "#missing"},
				"up": {"uv": [3, 11, 4, 12], "texture": "#0"},
				"down": {"uv": [3, 11, 4, 12], "texture": "#0"}
			}
		},
		{
			"from": [3, 11, 13.25],
			"to": [4, 12, 15.75],
			"faces": {
				"north": {"uv": [3, 11, 4, 12], "texture": "#0"},
				"east": {"uv": [0, 0, 2.5, 1], "texture": "#missing"},
				"south": {"uv": [3, 11, 4, 12], "texture": "#0"},
				"west": {"uv": [0, 0, 2.5, 1], "texture": "#missing"},
				"up": {"uv": [3, 11, 4, 12], "texture": "#0"},
				"down": {"uv": [3, 11, 4, 12], "texture": "#0"}
			}
		},
		{
			"from": [5, 11, 13.25],
			"to": [6, 12, 15.75],
			"faces": {
				"north": {"uv": [3, 11, 4, 12], "texture": "#0"},
				"east": {"uv": [0, 0, 2.5, 1], "texture": "#0"},
				"south": {"uv": [3, 11, 4, 12], "texture": "#0"},
				"west": {"uv": [0, 0, 2.5, 1], "texture": "#missing"},
				"up": {"uv": [3, 11, 4, 12], "texture": "#0"},
				"down": {"uv": [3, 11, 4, 12], "texture": "#0"}
			}
		},
		{
			"from": [12, 11, 13.25],
			"to": [13, 12, 15.75],
			"faces": {
				"north": {"uv": [3, 11, 4, 12], "texture": "#0"},
				"east": {"uv": [0, 0, 2.5, 1], "texture": "#missing"},
				"south": {"uv": [3, 11, 4, 12], "texture": "#0"},
				"west": {"uv": [0, 0, 2.5, 1], "texture": "#missing"},
				"up": {"uv": [3, 11, 4, 12], "texture": "#0"},
				"down": {"uv": [3, 11, 4, 12], "texture": "#0"}
			}
		},
		{
			"from": [10, 11, 13.25],
			"to": [11, 12, 15.75],
			"faces": {
				"north": {"uv": [3, 11, 4, 12], "texture": "#0"},
				"east": {"uv": [0, 0, 2.5, 1], "texture": "#missing"},
				"south": {"uv": [3, 11, 4, 12], "texture": "#0"},
				"west": {"uv": [0, 0, 2.5, 1], "texture": "#missing"},
				"up": {"uv": [3, 11, 4, 12], "texture": "#0"},
				"down": {"uv": [3, 11, 4, 12], "texture": "#0"}
			}
		},
		{
			"from": [7, 11, 13.25],
			"to": [9, 12, 15.75],
			"faces": {
				"north": {"uv": [3, 11, 4, 12], "texture": "#0"},
				"east": {"uv": [0, 0, 2.5, 1], "texture": "#missing"},
				"south": {"uv": [3, 11, 4, 12], "texture": "#0"},
				"west": {"uv": [0, 0, 2.5, 1], "texture": "#missing"},
				"up": {"uv": [3, 11, 4, 12], "texture": "#0"},
				"down": {"uv": [3, 11, 4, 12], "texture": "#0"}
			}
		},
		{
			"from": [7, 4, 13.25],
			"to": [9, 5, 15.75],
			"faces": {
				"north": {"uv": [3, 11, 4, 12], "texture": "#0"},
				"east": {"uv": [0, 0, 2.5, 1], "texture": "#missing"},
				"south": {"uv": [3, 11, 4, 12], "texture": "#0"},
				"west": {"uv": [0, 0, 2.5, 1], "texture": "#missing"},
				"up": {"uv": [3, 11, 4, 12], "texture": "#0"},
				"down": {"uv": [3, 11, 4, 12], "texture": "#0"}
			}
		}
	],
	"groups": [
		0,
		1,
		2,
		3,
		{
			"name": "LAYER 1",
			"origin": [0, 0, 0],
			"color": 0,
			"children": [4, 5, 6, 7, 8, 9, 10, 11]
		},
		{
			"name": "LAYER 2",
			"origin": [8, 8, 8],
			"color": 0,
			"children": [12, 13, 14, 15, 16, 17]
		},
		{
			"name": "LAYER 3",
			"origin": [8, 8, 8],
			"color": 0,
			"children": [18, 19, 20, 21, 22, 23, 24, 25, 26, 27]
		}
	]
}