{
	"credit": "Hecho por Melany :3",
	"parent": "minecraft:block/template_orientable_trapdoor_bottom",
	"textures": {
		"1": "block/bamboo_trapdoor_side",
		"texture": "block/bamboo_trapdoor",
		"particle": "block/bamboo_trapdoor_side"
	},
	"elements": [
		{
			"from": [0, 0, 0],
			"to": [16, 3, 3],
			"faces": {
				"north": {"uv": [0, 0, 16, 3], "texture": "#1"},
				"east": {"uv": [12, 0, 16, 3], "texture": "#1"},
				"south": {"uv": [0, 0, 16, 3], "texture": "#texture"},
				"west": {"uv": [0, 0, 4, 3], "texture": "#1"},
				"up": {"uv": [0, 0, 16, 3], "texture": "#texture"},
				"down": {"uv": [0, 13, 16, 16], "texture": "#texture"}
			}
		},
		{
			"from": [0, 0, 13],
			"to": [16, 3, 16],
			"faces": {
				"north": {"uv": [0, 0, 16, 3], "texture": "#texture"},
				"east": {"uv": [0, 0, 4, 3], "texture": "#1"},
				"south": {"uv": [0, 3, 16, 0], "texture": "#1"},
				"west": {"uv": [12, 0, 16, 3], "texture": "#1"},
				"up": {"uv": [0, 13, 16, 16], "texture": "#texture"},
				"down": {"uv": [0, 16, 16, 13], "texture": "#texture"}
			}
		},
		{
			"from": [0, 0, 3],
			"to": [3, 3, 13],
			"faces": {
				"north": {"uv": [0, 0, 4, 3], "texture": "#texture"},
				"east": {"uv": [4, 0, 12, 3], "texture": "#texture"},
				"south": {"uv": [0, 0, 4, 3], "texture": "#texture"},
				"west": {"uv": [3, 0, 13, 3], "texture": "#1"},
				"up": {"uv": [0, 3, 3, 13], "texture": "#texture"},
				"down": {"uv": [0, 3, 3, 13], "texture": "#texture"}
			}
		},
		{
			"from": [13, 0, 3],
			"to": [16, 3, 13],
			"faces": {
				"north": {"uv": [0, 0, 4, 3], "texture": "#texture"},
				"east": {"uv": [3, 0, 13, 3], "texture": "#1"},
				"south": {"uv": [0, 0, 4, 3], "texture": "#texture"},
				"west": {"uv": [4, 0, 12, 3], "texture": "#texture"},
				"up": {"uv": [13, 3, 16, 13], "texture": "#texture"},
				"down": {"uv": [13, 3, 16, 13], "texture": "#texture"}
			}
		},
		{
			"from": [6, 0, 9],
			"to": [7, 3, 13],
			"faces": {
				"north": {"uv": [6, 9, 7, 12], "rotation": 180, "texture": "#texture"},
				"east": {"uv": [6, 9, 7, 13], "rotation": 90, "texture": "#texture"},
				"south": {"uv": [0, 0, 1, 3], "texture": "#texture"},
				"west": {"uv": [6, 9, 7, 13], "rotation": 270, "texture": "#texture"},
				"up": {"uv": [6, 9, 7, 13], "texture": "#texture"},
				"down": {"uv": [6, 9, 7, 13], "rotation": 180, "texture": "#texture"}
			}
		},
		{
			"from": [3, 0, 9],
			"to": [6, 3, 10],
			"faces": {
				"north": {"uv": [7, 9, 6, 12], "rotation": 180, "texture": "#texture"},
				"east": {"uv": [6, 9, 7, 13], "rotation": 90, "texture": "#texture"},
				"south": {"uv": [6, 9, 7, 12], "texture": "#texture"},
				"west": {"uv": [6, 9, 7, 13], "rotation": 270, "texture": "#texture"},
				"up": {"uv": [3, 9, 6, 10], "texture": "#texture"},
				"down": {"uv": [3, 9, 6, 10], "rotation": 180, "texture": "#texture"}
			}
		},
		{
			"from": [6, 0, 3],
			"to": [7, 3, 7],
			"faces": {
				"north": {"uv": [6, 9, 7, 12], "rotation": 180, "texture": "#texture"},
				"east": {"uv": [6, 9, 7, 13], "rotation": 90, "texture": "#texture"},
				"south": {"uv": [6, 9, 7, 12], "texture": "#texture"},
				"west": {"uv": [6, 9, 7, 13], "rotation": 270, "texture": "#texture"},
				"up": {"uv": [6, 9, 7, 13], "texture": "#texture"},
				"down": {"uv": [6, 9, 7, 13], "rotation": 180, "texture": "#texture"}
			}
		},
		{
			"from": [3, 0, 6],
			"to": [6, 3, 7],
			"faces": {
				"north": {"uv": [7, 9, 6, 12], "rotation": 180, "texture": "#texture"},
				"east": {"uv": [3, 9, 6, 10], "rotation": 90, "texture": "#texture"},
				"south": {"uv": [3, 6, 6, 7], "texture": "#texture"},
				"west": {"uv": [6, 9, 7, 13], "rotation": 270, "texture": "#texture"},
				"up": {"uv": [3, 6, 6, 7], "texture": "#texture"},
				"down": {"uv": [3, 9, 6, 10], "rotation": 180, "texture": "#texture"}
			}
		},
		{
			"from": [10, 0, 9],
			"to": [13, 3, 10],
			"faces": {
				"north": {"uv": [7, 9, 6, 12], "rotation": 180, "texture": "#texture"},
				"east": {"uv": [6, 9, 7, 13], "rotation": 90, "texture": "#texture"},
				"south": {"uv": [6, 9, 7, 12], "texture": "#texture"},
				"west": {"uv": [6, 9, 7, 13], "rotation": 270, "texture": "#texture"},
				"up": {"uv": [3, 9, 6, 10], "texture": "#texture"},
				"down": {"uv": [3, 9, 6, 10], "rotation": 180, "texture": "#texture"}
			}
		},
		{
			"from": [10, 0, 6],
			"to": [13, 3, 7],
			"faces": {
				"north": {"uv": [7, 9, 6, 12], "rotation": 180, "texture": "#texture"},
				"east": {"uv": [6, 9, 7, 13], "rotation": 90, "texture": "#texture"},
				"south": {"uv": [6, 9, 7, 12], "texture": "#texture"},
				"west": {"uv": [6, 9, 7, 13], "rotation": 270, "texture": "#texture"},
				"up": {"uv": [3, 9, 6, 10], "texture": "#texture"},
				"down": {"uv": [3, 9, 6, 10], "rotation": 180, "texture": "#texture"}
			}
		},
		{
			"from": [9, 0, 9],
			"to": [10, 3, 13],
			"faces": {
				"north": {"uv": [6, 9, 7, 12], "rotation": 180, "texture": "#texture"},
				"east": {"uv": [6, 9, 7, 13], "rotation": 90, "texture": "#texture"},
				"south": {"uv": [0, 0, 1, 3], "texture": "#texture"},
				"west": {"uv": [6, 9, 7, 13], "rotation": 270, "texture": "#texture"},
				"up": {"uv": [6, 9, 7, 13], "texture": "#texture"},
				"down": {"uv": [6, 9, 7, 13], "rotation": 180, "texture": "#texture"}
			}
		},
		{
			"from": [9, 0, 3],
			"to": [10, 3, 7],
			"faces": {
				"north": {"uv": [6, 9, 7, 12], "rotation": 180, "texture": "#texture"},
				"east": {"uv": [6, 9, 7, 13], "rotation": 90, "texture": "#texture"},
				"south": {"uv": [6, 9, 7, 12], "texture": "#texture"},
				"west": {"uv": [6, 9, 7, 13], "rotation": 270, "texture": "#texture"},
				"up": {"uv": [6, 9, 7, 13], "texture": "#texture"},
				"down": {"uv": [6, 9, 7, 13], "rotation": 180, "texture": "#texture"}
			}
		},
		{
			"from": [11, 0.15, 3],
			"to": [12, 2.9, 6],
			"faces": {
				"north": {"uv": [6, 9, 7, 12], "rotation": 180, "texture": "#texture"},
				"east": {"uv": [4, 3, 5, 6], "rotation": 90, "texture": "#texture"},
				"south": {"uv": [6, 9, 7, 12], "texture": "#texture"},
				"west": {"uv": [4, 3, 5, 6], "rotation": 270, "texture": "#texture"},
				"up": {"uv": [4, 3, 5, 6], "texture": "#texture"},
				"down": {"uv": [4, 3, 5, 6], "rotation": 180, "texture": "#texture"}
			}
		},
		{
			"from": [4, 0.15, 7],
			"to": [5, 2.9, 9],
			"faces": {
				"north": {"uv": [6, 9, 7, 12], "rotation": 180, "texture": "#texture"},
				"east": {"uv": [4, 7, 5, 9], "rotation": 90, "texture": "#texture"},
				"south": {"uv": [6, 9, 7, 12], "texture": "#texture"},
				"west": {"uv": [4, 7, 5, 9], "rotation": 270, "texture": "#texture"},
				"up": {"uv": [4, 7, 5, 9], "texture": "#texture"},
				"down": {"uv": [4, 7, 5, 9], "rotation": 180, "texture": "#texture"}
			}
		},
		{
			"from": [4, 0.15, 3],
			"to": [5, 2.9, 6],
			"faces": {
				"north": {"uv": [6, 9, 7, 12], "rotation": 180, "texture": "#texture"},
				"east": {"uv": [4, 3, 5, 6], "rotation": 90, "texture": "#texture"},
				"south": {"uv": [6, 9, 7, 12], "texture": "#texture"},
				"west": {"uv": [4, 3, 5, 6], "rotation": 270, "texture": "#texture"},
				"up": {"uv": [4, 3, 5, 6], "texture": "#texture"},
				"down": {"uv": [4, 3, 5, 6], "rotation": 180, "texture": "#texture"}
			}
		},
		{
			"from": [11, 0.15, 10],
			"to": [12, 2.9, 13],
			"faces": {
				"north": {"uv": [6, 9, 7, 12], "rotation": 180, "texture": "#texture"},
				"east": {"uv": [4, 3, 5, 6], "rotation": 90, "texture": "#texture"},
				"south": {"uv": [6, 9, 7, 12], "texture": "#texture"},
				"west": {"uv": [4, 3, 5, 6], "rotation": 270, "texture": "#texture"},
				"up": {"uv": [4, 3, 5, 6], "texture": "#texture"},
				"down": {"uv": [4, 3, 5, 6], "rotation": 180, "texture": "#texture"}
			}
		},
		{
			"from": [4, 0.15, 10],
			"to": [5, 2.9, 13],
			"faces": {
				"north": {"uv": [6, 9, 7, 12], "rotation": 180, "texture": "#texture"},
				"east": {"uv": [4, 3, 5, 6], "rotation": 90, "texture": "#texture"},
				"south": {"uv": [6, 9, 7, 12], "texture": "#texture"},
				"west": {"uv": [4, 3, 5, 6], "rotation": 270, "texture": "#texture"},
				"up": {"uv": [4, 3, 5, 6], "texture": "#texture"},
				"down": {"uv": [4, 3, 5, 6], "rotation": 180, "texture": "#texture"}
			}
		},
		{
			"from": [11, 0.15, 7],
			"to": [12, 2.9, 9],
			"faces": {
				"north": {"uv": [6, 9, 7, 12], "rotation": 180, "texture": "#texture"},
				"east": {"uv": [4, 7, 5, 9], "rotation": 90, "texture": "#texture"},
				"south": {"uv": [6, 9, 7, 12], "texture": "#texture"},
				"west": {"uv": [4, 7, 5, 9], "rotation": 270, "texture": "#texture"},
				"up": {"uv": [4, 7, 5, 9], "texture": "#texture"},
				"down": {"uv": [4, 7, 5, 9], "rotation": 180, "texture": "#texture"}
			}
		},
		{
			"from": [3, 0.25, 11],
			"to": [4, 2.75, 12],
			"faces": {
				"north": {"uv": [3, 11, 4, 12], "rotation": 180, "texture": "#texture"},
				"east": {"uv": [0, 0, 2.5, 1], "rotation": 90, "texture": "#texture"},
				"south": {"uv": [3, 11, 4, 12], "texture": "#texture"},
				"west": {"uv": [0, 0, 2.5, 1], "rotation": 270, "texture": "#texture"},
				"up": {"uv": [3, 11, 4, 12], "texture": "#texture"},
				"down": {"uv": [3, 11, 4, 12], "rotation": 180, "texture": "#texture"}
			}
		},
		{
			"from": [12, 0.25, 11],
			"to": [13, 2.75, 12],
			"faces": {
				"north": {"uv": [3, 11, 4, 12], "rotation": 180, "texture": "#texture"},
				"east": {"uv": [0, 0, 2.5, 1], "rotation": 90, "texture": "#texture"},
				"south": {"uv": [3, 11, 4, 12], "texture": "#texture"},
				"west": {"uv": [0, 0, 2.5, 1], "rotation": 270, "texture": "#texture"},
				"up": {"uv": [3, 11, 4, 12], "texture": "#texture"},
				"down": {"uv": [3, 11, 4, 12], "rotation": 180, "texture": "#texture"}
			}
		},
		{
			"from": [5, 0.25, 11],
			"to": [6, 2.75, 12],
			"faces": {
				"north": {"uv": [3, 11, 4, 12], "rotation": 180, "texture": "#texture"},
				"east": {"uv": [0, 0, 2.5, 1], "rotation": 90, "texture": "#texture"},
				"south": {"uv": [3, 11, 4, 12], "texture": "#texture"},
				"west": {"uv": [0, 0, 2.5, 1], "rotation": 270, "texture": "#texture"},
				"up": {"uv": [3, 11, 4, 12], "texture": "#texture"},
				"down": {"uv": [3, 11, 4, 12], "rotation": 180, "texture": "#texture"}
			}
		},
		{
			"from": [10, 0.25, 11],
			"to": [11, 2.75, 12],
			"faces": {
				"north": {"uv": [3, 11, 4, 12], "rotation": 180, "texture": "#texture"},
				"east": {"uv": [0, 0, 2.5, 1], "rotation": 90, "texture": "#texture"},
				"south": {"uv": [3, 11, 4, 12], "texture": "#texture"},
				"west": {"uv": [0, 0, 2.5, 1], "rotation": 270, "texture": "#texture"},
				"up": {"uv": [3, 11, 4, 12], "texture": "#texture"},
				"down": {"uv": [3, 11, 4, 12], "rotation": 180, "texture": "#texture"}
			}
		},
		{
			"from": [3, 0.25, 4],
			"to": [4, 2.75, 5],
			"faces": {
				"north": {"uv": [3, 11, 4, 12], "rotation": 180, "texture": "#texture"},
				"east": {"uv": [0, 0, 2.5, 1], "rotation": 90, "texture": "#texture"},
				"south": {"uv": [3, 11, 4, 12], "texture": "#texture"},
				"west": {"uv": [0, 0, 2.5, 1], "rotation": 270, "texture": "#texture"},
				"up": {"uv": [3, 11, 4, 12], "texture": "#texture"},
				"down": {"uv": [3, 11, 4, 12], "rotation": 180, "texture": "#texture"}
			}
		},
		{
			"from": [5, 0.25, 4],
			"to": [6, 2.75, 5],
			"faces": {
				"north": {"uv": [3, 11, 4, 12], "rotation": 180, "texture": "#texture"},
				"east": {"uv": [0, 0, 2.5, 1], "rotation": 90, "texture": "#texture"},
				"south": {"uv": [3, 11, 4, 12], "texture": "#texture"},
				"west": {"uv": [0, 0, 2.5, 1], "rotation": 270, "texture": "#texture"},
				"up": {"uv": [3, 11, 4, 12], "texture": "#texture"},
				"down": {"uv": [3, 11, 4, 12], "rotation": 180, "texture": "#texture"}
			}
		},
		{
			"from": [12, 0.25, 4],
			"to": [13, 2.75, 5],
			"faces": {
				"north": {"uv": [3, 11, 4, 12], "rotation": 180, "texture": "#texture"},
				"east": {"uv": [0, 0, 2.5, 1], "rotation": 90, "texture": "#texture"},
				"south": {"uv": [3, 11, 4, 12], "texture": "#texture"},
				"west": {"uv": [0, 0, 2.5, 1], "rotation": 270, "texture": "#texture"},
				"up": {"uv": [3, 11, 4, 12], "texture": "#texture"},
				"down": {"uv": [3, 11, 4, 12], "rotation": 180, "texture": "#texture"}
			}
		},
		{
			"from": [10, 0.25, 4],
			"to": [11, 2.75, 5],
			"faces": {
				"north": {"uv": [3, 11, 4, 12], "rotation": 180, "texture": "#texture"},
				"east": {"uv": [0, 0, 2.5, 1], "rotation": 90, "texture": "#texture"},
				"south": {"uv": [3, 11, 4, 12], "texture": "#texture"},
				"west": {"uv": [0, 0, 2.5, 1], "rotation": 270, "texture": "#texture"},
				"up": {"uv": [3, 11, 4, 12], "texture": "#texture"},
				"down": {"uv": [3, 11, 4, 12], "rotation": 180, "texture": "#texture"}
			}
		},
		{
			"from": [7, 0.25, 4],
			"to": [9, 2.75, 5],
			"faces": {
				"north": {"uv": [3, 11, 4, 12], "rotation": 180, "texture": "#texture"},
				"east": {"uv": [0, 0, 2.5, 1], "rotation": 90, "texture": "#texture"},
				"south": {"uv": [3, 11, 4, 12], "texture": "#texture"},
				"west": {"uv": [0, 0, 2.5, 1], "rotation": 270, "texture": "#texture"},
				"up": {"uv": [3, 11, 4, 12], "texture": "#texture"},
				"down": {"uv": [3, 11, 4, 12], "rotation": 180, "texture": "#texture"}
			}
		},
		{
			"from": [7, 0.25, 11],
			"to": [9, 2.75, 12],
			"faces": {
				"north": {"uv": [3, 11, 4, 12], "rotation": 180, "texture": "#texture"},
				"east": {"uv": [0, 0, 2.5, 1], "rotation": 90, "texture": "#texture"},
				"south": {"uv": [3, 11, 4, 12], "texture": "#texture"},
				"west": {"uv": [0, 0, 2.5, 1], "rotation": 270, "texture": "#texture"},
				"up": {"uv": [3, 11, 4, 12], "texture": "#texture"},
				"down": {"uv": [3, 11, 4, 12], "rotation": 180, "texture": "#texture"}
			}
		}
	]
}