{
	"credit": "Hecho por Melany <3",
	"textures": {
		"particle": "block/brewing_stand",
		"stand": "block/brewing_stand"
	},
	"elements": [
		{
			"from": [7.5, 2.99, 9],
			"to": [8.5, 13.99, 11],
			"rotation": {"angle": -45, "axis": "y", "origin": [8, 8, 8]},
			"faces": {
				"north": {"uv": [0, 0, 1, 11], "texture": "#missing"},
				"east": {"uv": [5, 2, 7, 13], "texture": "#stand"},
				"south": {"uv": [6, 2, 5, 13], "texture": "#stand"},
				"west": {"uv": [7, 2, 5, 13], "texture": "#stand"},
				"up": {"uv": [5, 2, 7, 3], "rotation": 270, "texture": "#stand"},
				"down": {"uv": [7, 12, 5, 13], "rotation": 270, "texture": "#stand"}
			}
		},
		{
			"from": [7.5, 3, 11],
			"to": [8.5, 6, 12],
			"rotation": {"angle": -45, "axis": "y", "origin": [8, 8, 8]},
			"faces": {
				"north": {"uv": [0, 0, 1, 3], "texture": "#missing"},
				"east": {"uv": [4, 10, 5, 13], "texture": "#stand"},
				"south": {"uv": [0, 0, 1, 3], "texture": "#missing"},
				"west": {"uv": [5, 10, 4, 13], "texture": "#stand"},
				"up": {"uv": [4, 10, 5, 11], "rotation": 90, "texture": "#stand"},
				"down": {"uv": [4, 12, 5, 13], "rotation": 270, "texture": "#stand"}
			}
		},
		{
			"from": [7.5, 3, 15],
			"to": [8.5, 6, 16],
			"rotation": {"angle": -45, "axis": "y", "origin": [8, 8, 8]},
			"faces": {
				"north": {"uv": [0, 0, 1, 3], "texture": "#missing"},
				"east": {"uv": [0, 10, 1, 13], "texture": "#stand"},
				"south": {"uv": [1, 10, 0, 13], "texture": "#stand"},
				"west": {"uv": [1, 10, 0, 13], "texture": "#stand"},
				"up": {"uv": [0, 10, 1, 11], "rotation": 90, "texture": "#stand"},
				"down": {"uv": [0, 12, 1, 13], "rotation": 270, "texture": "#stand"}
			}
		},
		{
			"from": [7.5, 10, 12],
			"to": [8.5, 16, 13],
			"rotation": {"angle": -45, "axis": "y", "origin": [8, 8, 8]},
			"faces": {
				"north": {"uv": [4, 0, 3, 6], "texture": "#stand"},
				"east": {"uv": [3, 0, 4, 6], "texture": "#stand"},
				"south": {"uv": [4, 0, 3, 6], "texture": "#stand"},
				"west": {"uv": [4, 0, 3, 6], "texture": "#stand"},
				"up": {"uv": [3, 0, 4, 1], "rotation": 90, "texture": "#stand"},
				"down": {"uv": [3, 5, 4, 6], "rotation": 270, "texture": "#stand"}
			}
		},
		{
			"from": [7.5, 12, 11],
			"to": [8.5, 15, 12],
			"rotation": {"angle": -45, "axis": "y", "origin": [8, 8, 8]},
			"faces": {
				"north": {"uv": [5, 1, 4, 4], "texture": "#stand"},
				"east": {"uv": [4, 1, 5, 4], "texture": "#stand"},
				"south": {"uv": [5, 1, 4, 4], "texture": "#stand"},
				"west": {"uv": [5, 1, 4, 4], "texture": "#stand"},
				"up": {"uv": [4, 1, 5, 2], "rotation": 90, "texture": "#stand"},
				"down": {"uv": [4, 3, 5, 4], "rotation": 270, "texture": "#stand"}
			}
		},
		{
			"from": [7.5, 11, 13],
			"to": [8.5, 13, 14],
			"rotation": {"angle": -45, "axis": "y", "origin": [8, 8, 8]},
			"faces": {
				"north": {"uv": [0, 0, 1, 2], "texture": "#missing"},
				"east": {"uv": [2, 3, 3, 5], "texture": "#stand"},
				"south": {"uv": [3, 3, 2, 5], "texture": "#stand"},
				"west": {"uv": [3, 3, 2, 5], "texture": "#stand"},
				"up": {"uv": [2, 3, 3, 4], "rotation": 90, "texture": "#stand"},
				"down": {"uv": [2, 4, 3, 5], "rotation": 270, "texture": "#stand"}
			}
		},
		{
			"from": [7.5, 2, 12],
			"to": [8.5, 9, 15],
			"rotation": {"angle": -45, "axis": "y", "origin": [8, 8, 8]},
			"faces": {
				"north": {"uv": [4, 7, 3, 14], "texture": "#stand"},
				"east": {"uv": [1, 7, 4, 14], "texture": "#stand"},
				"south": {"uv": [2, 7, 1, 14], "texture": "#stand"},
				"west": {"uv": [4, 7, 1, 14], "texture": "#stand"},
				"up": {"uv": [1, 7, 4, 8], "rotation": 90, "texture": "#stand"},
				"down": {"uv": [1, 13, 4, 14], "rotation": 270, "texture": "#stand"}
			}
		},
		{
			"from": [7.5, 9, 13],
			"to": [8.5, 10, 14],
			"rotation": {"angle": -45, "axis": "y", "origin": [8, 8, 8]},
			"faces": {
				"north": {"uv": [2, 6, 3, 7], "texture": "#stand"},
				"east": {"uv": [2, 6, 3, 7], "texture": "#stand"},
				"south": {"uv": [2, 6, 3, 7], "texture": "#stand"},
				"west": {"uv": [3, 6, 2, 7], "texture": "#stand"},
				"up": {"uv": [2, 6, 3, 7], "rotation": 90, "texture": "#stand"},
				"down": {"uv": [2, 6, 3, 7], "rotation": 270, "texture": "#stand"}
			}
		}
	],
	"groups": [0, 1, 2, 3, 4, 5, 6, 7,
		{
			"name": "brewing_stand_bottle1",
			"origin": [8, 8, 8],
			"children": []
		}
	]
}