{
	"__comment": "Created by _GrandMagus_",
	"parent": "block/orientable",
	"textures": {
		"top": "block/pumpkin_top",
		"front": "block/carved_pumpkin",
		"side": "block/pumpkin_side"
	},
	"elements": [
		{
			"__comment": "Cube1",
			"from": [ 0, 0, 0 ],
			"to": [ 16, 16, 16 ],
			"faces": {
				"down": { "uv": [ 0, 0, 16, 16 ], "texture": "#top", "cullface": "down" },
				"up": { "uv": [ 0, 0, 16, 16 ], "texture": "#top", "cullface": "up" },
				"south": { "uv": [ 0, 0, 16, 16 ], "texture": "#side", "cullface": "south" },
				"west": { "uv": [ 0, 0, 16, 16 ], "texture": "#side", "cullface": "west" },
				"east": { "uv": [ 0, 0, 16, 16 ], "texture": "#side", "cullface": "east" }
			}
		},
		{
			"__comment": "PlaneZ2",
			"from": [ 14, 2, 0 ],
			"to": [ 16, 16, 0.001 ],
			"faces": {
				"north": { "uv": [ 0, 0, 2, 14 ], "texture": "#front", "cullface": "north" }
			}
		},
		{
			"__comment": "PlaneZ2",
			"from": [ 2, 7, 0 ],
			"to": [ 13, 8, 0.001 ],
			"faces": {
				"north": { "uv": [ 3, 8, 14, 9 ], "texture": "#front", "cullface": "north" }
			}
		},
		{
			"__comment": "PlaneZ2",
			"from": [ 0, 2, 0 ],
			"to": [ 1, 16, 0.001 ],
			"faces": {
				"north": { "uv": [ 15, 0, 16, 14 ], "texture": "#front", "cullface": "north" }
			}
		},
		{
			"__comment": "PlaneZ2",
			"from": [ 0, 0, 0 ],
			"to": [ 16, 2, 0.001 ],
			"faces": {
				"north": { "uv": [ 0, 14, 16, 16 ], "texture": "#front", "cullface": "north" }
			}
		},
		{
			"__comment": "PlaneZ2",
			"from": [ 1, 14, 0 ],
			"to": [ 14, 16, 0.001 ],
			"faces": {
				"north": { "uv": [ 2, 0, 15, 2 ], "texture": "#front", "cullface": "north" }
			}
		},
		{
			"__comment": "PlaneZ2",
			"from": [ 11, 2, 0 ],
			"to": [ 12, 3, 0.001 ],
			"faces": {
				"north": { "uv": [ 4, 13, 5, 14 ], "texture": "#front", "cullface": "north" }
			}
		},
		{
			"__comment": "PlaneZ2",
			"from": [ 12, 12, 0 ],
			"to": [ 14, 14, 0.001 ],
			"faces": {
				"north": { "uv": [ 2, 2, 4, 4 ], "texture": "#front", "cullface": "north" }
			}
		},
		{
			"__comment": "PlaneZ2",
			"from": [ 7, 8, 0 ],
			"to": [ 9, 14, 0.001 ],
			"faces": {
				"north": { "uv": [ 7, 2, 9, 8 ], "texture": "#front", "cullface": "north" }
			}
		},
		{
			"__comment": "PlaneZ2",
			"from": [ 13, 7, 0 ],
			"to": [ 14, 12, 0.001 ],
			"faces": {
				"north": { "uv": [ 2, 4, 3, 9 ], "texture": "#front", "cullface": "north" }
			}
		},
		{
			"__comment": "PlaneZ2",
			"from": [ 1, 7, 0 ],
			"to": [ 2, 12, 0.001 ],
			"faces": {
				"north": { "uv": [ 14, 4, 15, 9 ], "texture": "#front", "cullface": "north" }
			}
		},
		{
			"__comment": "PlaneZ2",
			"from": [ 1, 12, 0 ],
			"to": [ 4, 14, 0.001 ],
			"faces": {
				"north": { "uv": [ 12, 2, 15, 4 ], "texture": "#front", "cullface": "north" }
			}
		},
		{
			"__comment": "PlaneZ2",
			"from": [ 2, 10, 0 ],
			"to": [ 3, 12, 0.001 ],
			"faces": {
				"north": { "uv": [ 13, 4, 14, 6 ], "texture": "#front", "cullface": "north" }
			}
		},
		{
			"__comment": "PlaneZ2",
			"from": [ 4, 13, 0 ],
			"to": [ 5, 14, 0.001 ],
			"faces": {
				"north": { "uv": [ 11, 2, 12, 3 ], "texture": "#front", "cullface": "north" }
			}
		},
		{
			"__comment": "PlaneZ2",
			"from": [ 9, 13, 0 ],
			"to": [ 10, 14, 0.001 ],
			"faces": {
				"north": { "uv": [ 6, 2, 7, 3 ], "texture": "#front", "cullface": "north" }
			}
		},
		{
			"__comment": "PlaneZ2",
			"from": [ 6, 13, 0 ],
			"to": [ 7, 14, 0.001 ],
			"faces": {
				"north": { "uv": [ 9, 2, 10, 3 ], "texture": "#front", "cullface": "north" }
			}
		},
		{
			"__comment": "PlaneZ2",
			"from": [ 6, 8, 0 ],
			"to": [ 7, 9, 0.001 ],
			"faces": {
				"north": { "uv": [ 9, 7, 10, 8 ], "texture": "#front", "cullface": "north" }
			}
		},
		{
			"__comment": "PlaneZ2",
			"from": [ 12, 8, 0 ],
			"to": [ 13, 9, 0.001 ],
			"faces": {
				"north": { "uv": [ 3, 7, 4, 8 ], "texture": "#front", "cullface": "north" }
			}
		},
		{
			"__comment": "PlaneZ2",
			"from": [ 9, 8, 0 ],
			"to": [ 10, 9, 0.001 ],
			"faces": {
				"north": { "uv": [ 6, 7, 7, 8 ], "texture": "#front", "cullface": "north" }
			}
		},
		{
			"__comment": "PlaneZ2",
			"from": [ 1, 5, 0 ],
			"to": [ 2, 7, 0.001 ],
			"faces": {
				"north": { "uv": [ 14, 9, 15, 11 ], "texture": "#front", "cullface": "north" }
			}
		},
		{
			"__comment": "PlaneZ2",
			"from": [ 11, 6, 0 ],
			"to": [ 12, 7, 0.001 ],
			"faces": {
				"north": { "uv": [ 4, 9, 5, 10 ], "texture": "#front", "cullface": "north" }
			}
		},
		{
			"__comment": "PlaneZ2",
			"from": [ 13, 6, 0 ],
			"to": [ 14, 7, 0.001 ],
			"faces": {
				"north": { "uv": [ 2, 9, 3, 10 ], "texture": "#front", "cullface": "north" }
			}
		},
		{
			"__comment": "PlaneZ2",
			"from": [ 13, 2, 0 ],
			"to": [ 14, 4, 0.001 ],
			"faces": {
				"north": { "uv": [ 2, 12, 3, 14 ], "texture": "#front", "cullface": "north" }
			}
		},
		{
			"__comment": "PlaneZ2",
			"from": [ 10, 2, 0 ],
			"to": [ 11, 4, 0.001 ],
			"faces": {
				"north": { "uv": [ 5, 12, 6, 14 ], "texture": "#front", "cullface": "north" }
			}
		},
		{
			"__comment": "PlaneZ2",
			"from": [ 7, 2, 0 ],
			"to": [ 8, 4, 0.001 ],
			"faces": {
				"north": { "uv": [ 8, 12, 9, 14 ], "texture": "#front", "cullface": "north" }
			}
		},
		{
			"__comment": "PlaneZ2",
			"from": [ 3, 2, 0 ],
			"to": [ 4, 4, 0.001 ],
			"faces": {
				"north": { "uv": [ 12, 12, 13, 14 ], "texture": "#front", "cullface": "north" }
			}
		},
		{
			"__comment": "PlaneZ2",
			"from": [ 1, 2, 0 ],
			"to": [ 3, 3, 0.001 ],
			"faces": {
				"north": { "uv": [ 13, 13, 15, 14 ], "texture": "#front", "cullface": "north" }
			}
		},
		{
			"__comment": "PlaneZ2",
			"from": [ 5, 2, 0 ],
			"to": [ 7, 3, 0.001 ],
			"faces": {
				"north": { "uv": [ 9, 13, 11, 14 ], "texture": "#front", "cullface": "north" }
			}
		},
		{
			"__comment": "PlaneZ2",
			"from": [ 8, 2, 0 ],
			"to": [ 9, 3, 0.001 ],
			"faces": {
				"north": { "uv": [ 7, 13, 8, 14 ], "texture": "#front", "cullface": "north" }
			}
		},
		{
			"__comment": "PlaneZ2",
			"from": [ 8, 6, 0 ],
			"to": [ 10, 7, 0.001 ],
			"faces": {
				"north": { "uv": [ 6, 9, 8, 10 ], "texture": "#front", "cullface": "north" }
			}
		},
		{
			"__comment": "PlaneZ2",
			"from": [ 5, 6, 0 ],
			"to": [ 7, 7, 0.001 ],
			"faces": {
				"north": { "uv": [ 9, 9, 11, 10 ], "texture": "#front", "cullface": "north" }
			}
		},
		{
			"__comment": "PlaneZ2",
			"from": [ 3, 6, 0 ],
			"to": [ 4, 7, 0.001 ],
			"faces": {
				"north": { "uv": [ 12, 9, 13, 10 ], "texture": "#front", "cullface": "north" }
			}
		},
		{
			"__comment": "PlaneX33",
			"from": [ 14, 4, 0 ],
			"to": [ 14.001, 6, 1 ],
			"faces": {
				"west": { "uv": [ 0, 10, 1, 12 ], "texture": "#front", "cullface": "north" }
			}
		},
		{
			"__comment": "PlaneX33",
			"from": [ 7, 3, 0 ],
			"to": [ 7.001, 4, 1 ],
			"faces": {
				"west": { "uv": [ 0, 12, 1, 13 ], "texture": "#front", "cullface": "north" }
			}
		},
		{
			"__comment": "PlaneX33",
			"from": [ 13, 6, 0 ],
			"to": [ 13.001, 7, 1 ],
			"faces": {
				"west": { "uv": [ 0, 9, 1, 10 ], "texture": "#front", "cullface": "north" }
			}
		},
		{
			"__comment": "PlaneX33",
			"from": [ 13, 9, 0 ],
			"to": [ 13.001, 12, 1 ],
			"faces": {
				"west": { "uv": [ 0, 4, 1, 7 ], "texture": "#front", "cullface": "north" }
			}
		},
		{
			"__comment": "PlaneX33",
			"from": [ 12, 12, 0 ],
			"to": [ 12.001, 14, 1 ],
			"faces": {
				"west": { "uv": [ 0, 2, 1, 4 ], "texture": "#front", "cullface": "north" }
			}
		},
		{
			"__comment": "PlaneX33",
			"from": [ 13, 2, 0 ],
			"to": [ 13.001, 4, 1 ],
			"faces": {
				"west": { "uv": [ 0, 12, 1, 14 ], "texture": "#front", "cullface": "north" }
			}
		},
		{
			"__comment": "PlaneX33",
			"from": [ 10, 2, 0 ],
			"to": [ 10.001, 4, 1 ],
			"faces": {
				"west": { "uv": [ 0, 12, 1, 14 ], "texture": "#front", "cullface": "north" }
			}
		},
		{
			"__comment": "PlaneX33",
			"from": [ 4, 2, 0 ],
			"to": [ 4.001, 4, 1 ],
			"faces": {
				"east": { "uv": [ 15, 12, 16, 14 ], "texture": "#front", "cullface": "north" }
			}
		},
		{
			"__comment": "PlaneX33",
			"from": [ 5, 2, 0 ],
			"to": [ 5.001, 3, 1 ],
			"faces": {
				"west": { "uv": [ 0, 13, 1, 14 ], "texture": "#front", "cullface": "north" }
			}
		},
		{
			"__comment": "PlaneX33",
			"from": [ 3, 3, 0 ],
			"to": [ 3.001, 4, 1 ],
			"faces": {
				"west": { "uv": [ 0, 12, 1, 13 ], "texture": "#front", "cullface": "north" }
			}
		},
		{
			"__comment": "PlaneX33",
			"from": [ 3, 6, 0 ],
			"to": [ 3.001, 7, 1 ],
			"faces": {
				"west": { "uv": [ 0, 9, 1, 10 ], "texture": "#front", "cullface": "north" }
			}
		},
		{
			"__comment": "PlaneX33",
			"from": [ 5, 6, 0 ],
			"to": [ 5.001, 7, 1 ],
			"faces": {
				"west": { "uv": [ 0, 9, 1, 10 ], "texture": "#front", "cullface": "north" }
			}
		},
		{
			"__comment": "PlaneX33",
			"from": [ 8, 6, 0 ],
			"to": [ 8.001, 7, 1 ],
			"faces": {
				"west": { "uv": [ 0, 9, 1, 10 ], "texture": "#front", "cullface": "north" }
			}
		},
		{
			"__comment": "PlaneX33",
			"from": [ 11, 6, 0 ],
			"to": [ 11.001, 7, 1 ],
			"faces": {
				"west": { "uv": [ 0, 9, 1, 10 ], "texture": "#front", "cullface": "north" }
			}
		},
		{
			"__comment": "PlaneX33",
			"from": [ 6, 8, 0 ],
			"to": [ 6.001, 9, 1 ],
			"faces": {
				"west": { "uv": [ 0, 7, 1, 8 ], "texture": "#front", "cullface": "north" }
			}
		},
		{
			"__comment": "PlaneX33",
			"from": [ 7, 9, 0 ],
			"to": [ 7.001, 13, 1 ],
			"faces": {
				"west": { "uv": [ 0, 3, 1, 7 ], "texture": "#front", "cullface": "north" }
			}
		},
		{
			"__comment": "PlaneX33",
			"from": [ 6, 13, 0 ],
			"to": [ 6.001, 14, 1 ],
			"faces": {
				"west": { "uv": [ 0, 2, 1, 3 ], "texture": "#front", "cullface": "north" }
			}
		},
		{
			"__comment": "PlaneX33",
			"from": [ 12, 8, 0 ],
			"to": [ 12.001, 9, 1 ],
			"faces": {
				"west": { "uv": [ 0, 7, 1, 8 ], "texture": "#front", "cullface": "north" }
			}
		},
		{
			"__comment": "PlaneX33",
			"from": [ 10, 8, 0 ],
			"to": [ 10.001, 9, 1 ],
			"faces": {
				"east": { "uv": [ 15, 7, 16, 8 ], "texture": "#front", "cullface": "north" }
			}
		},
		{
			"__comment": "PlaneX33",
			"from": [ 10, 13, 0 ],
			"to": [ 10.001, 14, 1 ],
			"faces": {
				"east": { "uv": [ 15, 2, 16, 3 ], "texture": "#front", "cullface": "north" }
			}
		},
		{
			"__comment": "PlaneX33",
			"from": [ 5, 13, 0 ],
			"to": [ 5.001, 14, 1 ],
			"faces": {
				"east": { "uv": [ 15, 2, 16, 3 ], "texture": "#front", "cullface": "north" }
			}
		},
		{
			"__comment": "PlaneX33",
			"from": [ 4, 12, 0 ],
			"to": [ 4.001, 13, 1 ],
			"faces": {
				"east": { "uv": [ 15, 3, 16, 4 ], "texture": "#front", "cullface": "north" }
			}
		},
		{
			"__comment": "PlaneX33",
			"from": [ 3, 10, 0 ],
			"to": [ 3.001, 12, 1 ],
			"faces": {
				"east": { "uv": [ 15, 4, 16, 6 ], "texture": "#front", "cullface": "north" }
			}
		},
		{
			"__comment": "PlaneX33",
			"from": [ 9, 9, 0 ],
			"to": [ 9.001, 13, 1 ],
			"faces": {
				"east": { "uv": [ 15, 3, 16, 7 ], "texture": "#front", "cullface": "north" }
			}
		},
		{
			"__comment": "PlaneX33",
			"from": [ 2, 8, 0 ],
			"to": [ 2.001, 10, 1 ],
			"faces": {
				"east": { "uv": [ 15, 6, 16, 8 ], "texture": "#front", "cullface": "north" }
			}
		},
		{
			"__comment": "PlaneX33",
			"from": [ 1, 3, 0 ],
			"to": [ 1.001, 5, 1 ],
			"faces": {
				"east": { "uv": [ 15, 11, 16, 13 ], "texture": "#front", "cullface": "north" }
			}
		},
		{
			"__comment": "PlaneX33",
			"from": [ 2, 5, 0 ],
			"to": [ 2.001, 7, 1 ],
			"faces": {
				"east": { "uv": [ 15, 9, 16, 11 ], "texture": "#front", "cullface": "north" }
			}
		},
		{
			"__comment": "PlaneX33",
			"from": [ 4, 6, 0 ],
			"to": [ 4.001, 7, 1 ],
			"faces": {
				"east": { "uv": [ 15, 9, 16, 10 ], "texture": "#front", "cullface": "north" }
			}
		},
		{
			"__comment": "PlaneX33",
			"from": [ 7, 6, 0 ],
			"to": [ 7.001, 7, 1 ],
			"faces": {
				"east": { "uv": [ 15, 9, 16, 10 ], "texture": "#front", "cullface": "north" }
			}
		},
		{
			"__comment": "PlaneX33",
			"from": [ 10, 6, 0 ],
			"to": [ 10.001, 7, 1 ],
			"faces": {
				"east": { "uv": [ 15, 9, 16, 10 ], "texture": "#front", "cullface": "north" }
			}
		},
		{
			"__comment": "PlaneX33",
			"from": [ 12, 6, 0 ],
			"to": [ 12.001, 7, 1 ],
			"faces": {
				"east": { "uv": [ 15, 9, 16, 10 ], "texture": "#front", "cullface": "north" }
			}
		},
		{
			"__comment": "PlaneX33",
			"from": [ 12, 2, 0 ],
			"to": [ 12.001, 3, 1 ],
			"faces": {
				"east": { "uv": [ 15, 13, 16, 14 ], "texture": "#front", "cullface": "north" }
			}
		},
		{
			"__comment": "PlaneX33",
			"from": [ 11, 3, 0 ],
			"to": [ 11.001, 4, 1 ],
			"faces": {
				"east": { "uv": [ 15, 12, 16, 13 ], "texture": "#front", "cullface": "north" }
			}
		},
		{
			"__comment": "PlaneX33",
			"from": [ 8, 3, 0 ],
			"to": [ 8.001, 4, 1 ],
			"faces": {
				"east": { "uv": [ 15, 12, 16, 13 ], "texture": "#front", "cullface": "north" }
			}
		},
		{
			"__comment": "PlaneX33",
			"from": [ 9, 2, 0 ],
			"to": [ 9.001, 3, 1 ],
			"faces": {
				"east": { "uv": [ 15, 13, 16, 14 ], "texture": "#front", "cullface": "north" }
			}
		},
		{
			"__comment": "PlaneY68",
			"from": [ 12, 7, 0 ],
			"to": [ 13, 7.001, 1 ],
			"faces": {
				"down": { "uv": [ 12, 15, 13, 16 ], "texture": "#front", "cullface": "north" }
			}
		},
		{
			"__comment": "PlaneY68",
			"from": [ 7, 4, 0 ],
			"to": [ 8, 4.001, 1 ],
			"faces": {
				"up": { "uv": [ 7, 0, 8, 1 ], "texture": "#front", "cullface": "north" }
			}
		},
		{
			"__comment": "PlaneY68",
			"from": [ 3, 4, 0 ],
			"to": [ 4, 4.001, 1 ],
			"faces": {
				"up": { "uv": [ 3, 0, 4, 1 ], "texture": "#front", "cullface": "north" }
			}
		},
		{
			"__comment": "PlaneY68",
			"from": [ 10, 4, 0 ],
			"to": [ 11, 4.001, 1 ],
			"faces": {
				"up": { "uv": [ 10, 0, 11, 1 ], "texture": "#front", "cullface": "north" }
			}
		},
		{
			"__comment": "PlaneY68",
			"from": [ 11, 3, 0 ],
			"to": [ 12, 3.001, 1 ],
			"faces": {
				"up": { "uv": [ 11, 0, 12, 1 ], "texture": "#front", "cullface": "north" }
			}
		},
		{
			"__comment": "PlaneY68",
			"from": [ 8, 3, 0 ],
			"to": [ 9, 3.001, 1 ],
			"faces": {
				"up": { "uv": [ 8, 0, 9, 1 ], "texture": "#front", "cullface": "north" }
			}
		},
		{
			"__comment": "PlaneY68",
			"from": [ 5, 3, 0 ],
			"to": [ 7, 3.001, 1 ],
			"faces": {
				"up": { "uv": [ 5, 0, 7, 1 ], "texture": "#front", "cullface": "north" }
			}
		},
		{
			"__comment": "PlaneY68",
			"from": [ 1, 3, 0 ],
			"to": [ 3, 3.001, 1 ],
			"faces": {
				"up": { "uv": [ 1, 0, 3, 1 ], "texture": "#front", "cullface": "north" }
			}
		},
		{
			"__comment": "PlaneY68",
			"from": [ 13, 4, 0 ],
			"to": [ 14, 4.001, 1 ],
			"faces": {
				"up": { "uv": [ 13, 0, 14, 1 ], "texture": "#front", "cullface": "north" }
			}
		},
		{
			"__comment": "PlaneY68",
			"from": [ 12, 2, 0 ],
			"to": [ 13, 2.001, 1 ],
			"faces": {
				"up": { "uv": [ 12, 0, 13, 1 ], "texture": "#front", "cullface": "north" }
			}
		},
		{
			"__comment": "PlaneY68",
			"from": [ 9, 2, 0 ],
			"to": [ 10, 2.001, 1 ],
			"faces": {
				"up": { "uv": [ 9, 0, 10, 1 ], "texture": "#front", "cullface": "north" }
			}
		},
		{
			"__comment": "PlaneY68",
			"from": [ 4, 2, 0 ],
			"to": [ 5, 2.001, 1 ],
			"faces": {
				"up": { "uv": [ 4, 0, 5, 1 ], "texture": "#front", "cullface": "north" }
			}
		},
		{
			"__comment": "PlaneY68",
			"from": [ 2, 8, 0 ],
			"to": [ 6, 8.001, 1 ],
			"faces": {
				"up": { "uv": [ 2, 0, 6, 1 ], "texture": "#front", "cullface": "north" }
			}
		},
		{
			"__comment": "PlaneY68",
			"from": [ 10, 8, 0 ],
			"to": [ 12, 8.001, 1 ],
			"faces": {
				"up": { "uv": [ 10, 0, 12, 1 ], "texture": "#front", "cullface": "north" }
			}
		},
		{
			"__comment": "PlaneY68",
			"from": [ 6, 9, 0 ],
			"to": [ 7, 9.001, 1 ],
			"faces": {
				"up": { "uv": [ 6, 0, 7, 1 ], "texture": "#front", "cullface": "north" }
			}
		},
		{
			"__comment": "PlaneY68",
			"from": [ 9, 9, 0 ],
			"to": [ 10, 9.001, 1 ],
			"faces": {
				"up": { "uv": [ 9, 0, 10, 1 ], "texture": "#front", "cullface": "north" }
			}
		},
		{
			"__comment": "PlaneY68",
			"from": [ 12, 9, 0 ],
			"to": [ 13, 9.001, 1 ],
			"faces": {
				"up": { "uv": [ 12, 0, 13, 1 ], "texture": "#front", "cullface": "north" }
			}
		},
		{
			"__comment": "PlaneY68",
			"from": [ 12, 12, 0 ],
			"to": [ 13, 12.001, 1 ],
			"faces": {
				"down": { "uv": [ 12, 15, 13, 16 ], "texture": "#front", "cullface": "north" }
			}
		},
		{
			"__comment": "PlaneY68",
			"from": [ 10, 14, 0 ],
			"to": [ 12, 14.001, 1 ],
			"faces": {
				"down": { "uv": [ 10, 15, 12, 16 ], "texture": "#front", "cullface": "north" }
			}
		},
		{
			"__comment": "PlaneY68",
			"from": [ 9, 13, 0 ],
			"to": [ 10, 13.001, 1 ],
			"faces": {
				"down": { "uv": [ 9, 15, 10, 16 ], "texture": "#front", "cullface": "north" }
			}
		},
		{
			"__comment": "PlaneY68",
			"from": [ 4, 13, 0 ],
			"to": [ 5, 13.001, 1 ],
			"faces": {
				"down": { "uv": [ 4, 15, 5, 16 ], "texture": "#front", "cullface": "north" }
			}
		},
		{
			"__comment": "PlaneY68",
			"from": [ 6, 13, 0 ],
			"to": [ 7, 13.001, 1 ],
			"faces": {
				"down": { "uv": [ 6, 15, 7, 16 ], "texture": "#front", "cullface": "north" }
			}
		},
		{
			"__comment": "PlaneY68",
			"from": [ 5, 14, 0 ],
			"to": [ 6, 14.001, 1 ],
			"faces": {
				"down": { "uv": [ 5, 15, 6, 16 ], "texture": "#front", "cullface": "north" }
			}
		},
		{
			"__comment": "PlaneY68",
			"from": [ 3, 12, 0 ],
			"to": [ 4, 12.001, 1 ],
			"faces": {
				"down": { "uv": [ 3, 15, 4, 16 ], "texture": "#front", "cullface": "north" }
			}
		},
		{
			"__comment": "PlaneY68",
			"from": [ 2, 10, 0 ],
			"to": [ 3, 10.001, 1 ],
			"faces": {
				"down": { "uv": [ 2, 15, 3, 16 ], "texture": "#front", "cullface": "north" }
			}
		},
		{
			"__comment": "PlaneY68",
			"from": [ 2, 7, 0 ],
			"to": [ 3, 7.001, 1 ],
			"faces": {
				"down": { "uv": [ 2, 15, 3, 16 ], "texture": "#front", "cullface": "north" }
			}
		},
		{
			"__comment": "PlaneY68",
			"from": [ 1, 5, 0 ],
			"to": [ 2, 5.001, 1 ],
			"faces": {
				"down": { "uv": [ 1, 15, 2, 16 ], "texture": "#front", "cullface": "north" }
			}
		},
		{
			"__comment": "PlaneY68",
			"from": [ 3, 6, 0 ],
			"to": [ 4, 6.001, 1 ],
			"faces": {
				"down": { "uv": [ 3, 15, 4, 16 ], "texture": "#front", "cullface": "north" }
			}
		},
		{
			"__comment": "PlaneY68",
			"from": [ 13, 6, 0 ],
			"to": [ 14, 6.001, 1 ],
			"faces": {
				"down": { "uv": [ 13, 15, 14, 16 ], "texture": "#front", "cullface": "north" }
			}
		},
		{
			"__comment": "PlaneY68",
			"from": [ 11, 6, 0 ],
			"to": [ 12, 6.001, 1 ],
			"faces": {
				"down": { "uv": [ 11, 15, 12, 16 ], "texture": "#front", "cullface": "north" }
			}
		},
		{
			"__comment": "PlaneY68",
			"from": [ 8, 6, 0 ],
			"to": [ 10, 6.001, 1 ],
			"faces": {
				"down": { "uv": [ 8, 15, 10, 16 ], "texture": "#front", "cullface": "north" }
			}
		},
		{
			"__comment": "PlaneY68",
			"from": [ 5, 6, 0 ],
			"to": [ 7, 6.001, 1 ],
			"faces": {
				"down": { "uv": [ 5, 15, 7, 16 ], "texture": "#front", "cullface": "north" }
			}
		},
		{
			"__comment": "PlaneY68",
			"from": [ 4, 7, 0 ],
			"to": [ 5, 7.001, 1 ],
			"faces": {
				"down": { "uv": [ 4, 15, 5, 16 ], "texture": "#front", "cullface": "north" }
			}
		},
		{
			"__comment": "PlaneY68",
			"from": [ 7, 7, 0 ],
			"to": [ 8, 7.001, 1 ],
			"faces": {
				"down": { "uv": [ 7, 15, 8, 16 ], "texture": "#front", "cullface": "north" }
			}
		},
		{
			"__comment": "PlaneY68",
			"from": [ 10, 7, 0 ],
			"to": [ 11, 7.001, 1 ],
			"faces": {
				"down": { "uv": [ 10, 15, 11, 16 ], "texture": "#front", "cullface": "north" }
			}
		},
		{
			"__comment": "PlaneZ104",
			"from": [ 1, 1, 1 ],
			"to": [ 15, 15, 1.001 ],
			"faces": {
				"north": { "uv": [ 1, 1, 15, 15 ], "texture": "#front", "cullface": "north" }
			}
		}
	],
	"display": {
		"head": {
			"scale":  [ 1.03, 1.03, 1.03 ]
		}
	}
}