{
	"credit": "Hecho por Melany <3",
	"parent": "minecraft:block/door_top_right",
	"textures": {
		"1": "block/cherry_door_side",
		"particle": "block/cherry_door_side",
		"top": "block/cherry_door_top"
	},
	"elements": [
		{
			"from": [0, 12, 0],
			"to": [3, 16, 16],
			"faces": {
				"north": {"uv": [6, 0, 9, 4], "texture": "#1"},
				"east": {"uv": [0, 0, 16, 4], "texture": "#top"},
				"south": {"uv": [0, 0, 3, 4], "texture": "#1"},
				"west": {"uv": [0, 0, 16, 4], "texture": "#top"},
				"up": {"uv": [12, 0, 15, 16], "rotation": 180, "texture": "#1"},
				"down": {"uv": [0, 0, 16, 4], "rotation": 270, "texture": "#top"}
			}
		},
		{
			"from": [0, 0, 0],
			"to": [3, 12, 4],
			"faces": {
				"north": {"uv": [6, 4, 9, 16], "texture": "#1"},
				"east": {"uv": [12, 4, 16, 16], "texture": "#top"},
				"south": {"uv": [12, 4, 16, 16], "texture": "#top"},
				"west": {"uv": [12, 4, 16, 16], "texture": "#top"},
				"up": {"uv": [0, 0, 4, 4], "rotation": 180, "texture": "#missing"}
			}
		},
		{
			"from": [0, 0, 12],
			"to": [3, 12, 16],
			"faces": {
				"north": {"uv": [12, 4, 16, 16], "texture": "#top"},
				"east": {"uv": [0, 4, 4, 16], "texture": "#top"},
				"south": {"uv": [0, 4, 3, 16], "texture": "#1"},
				"west": {"uv": [4, 4, 0, 16], "texture": "#top"},
				"up": {"uv": [0, 0, 4, 4], "rotation": 180, "texture": "#missing"}
			}
		},
		{
			"from": [0.25, 11, 11],
			"to": [2.75, 12, 12],
			"faces": {
				"north": {"uv": [11, 4, 12, 5], "texture": "#top"},
				"east": {"uv": [11, 4, 12, 5], "texture": "#top"},
				"west": {"uv": [11, 4, 12, 5], "texture": "#top"},
				"down": {"uv": [11, 4, 12, 5], "rotation": 180, "texture": "#top"}
			}
		},
		{
			"from": [0.25, 11, 6],
			"to": [2.75, 12, 8],
			"faces": {
				"north": {"uv": [6, 4, 7, 5], "texture": "#top"},
				"east": {"uv": [8, 4, 6, 5], "texture": "#top"},
				"south": {"uv": [7, 4, 7.5, 5], "texture": "#top"},
				"west": {"uv": [6, 4, 8, 5], "texture": "#top"},
				"down": {"uv": [8, 4, 6, 5], "rotation": 90, "texture": "#top"}
			}
		},
		{
			"from": [0.25, 8, 9],
			"to": [2.75, 9, 11],
			"faces": {
				"north": {"uv": [9, 7, 10, 8], "texture": "#top"},
				"east": {"uv": [11, 7, 9, 8], "texture": "#top"},
				"south": {"uv": [10, 7, 10.5, 8], "texture": "#top"},
				"west": {"uv": [9, 7, 11, 8], "texture": "#top"},
				"up": {"uv": [9, 7, 11, 8], "rotation": 90, "texture": "#top"},
				"down": {"uv": [11, 7, 9, 8], "rotation": 90, "texture": "#top"}
			}
		},
		{
			"from": [0.25, 6, 11],
			"to": [2.75, 7, 12],
			"faces": {
				"north": {"uv": [11, 9, 12, 10], "rotation": 180, "texture": "#top"},
				"east": {"uv": [11, 9, 12, 10], "rotation": 180, "texture": "#top"},
				"south": {"uv": [11, 9, 12, 10], "rotation": 180, "texture": "#top"},
				"west": {"uv": [11, 9, 12, 10], "rotation": 180, "texture": "#top"},
				"up": {"uv": [11, 9, 12, 10], "rotation": 180, "texture": "#top"},
				"down": {"uv": [11, 9, 12, 10], "rotation": 180, "texture": "#top"}
			}
		},
		{
			"from": [0.25, 7, 10],
			"to": [2.75, 8, 12],
			"faces": {
				"north": {"uv": [10, 8, 11, 9], "texture": "#top"},
				"east": {"uv": [12, 8, 10, 9], "texture": "#top"},
				"south": {"uv": [11, 8, 11.5, 9], "texture": "#top"},
				"west": {"uv": [10, 8, 12, 9], "texture": "#top"},
				"up": {"uv": [10, 8, 12, 9], "rotation": 90, "texture": "#top"},
				"down": {"uv": [12, 8, 10, 9], "rotation": 90, "texture": "#top"}
			}
		},
		{
			"from": [0.25, 9, 8],
			"to": [2.75, 10, 10],
			"faces": {
				"north": {"uv": [8, 6, 9, 7], "texture": "#top"},
				"east": {"uv": [10, 6, 8, 7], "texture": "#top"},
				"south": {"uv": [9, 6, 9.5, 7], "texture": "#top"},
				"west": {"uv": [8, 6, 10, 7], "texture": "#top"},
				"up": {"uv": [8, 6, 10, 7], "rotation": 90, "texture": "#top"},
				"down": {"uv": [10, 6, 8, 7], "rotation": 90, "texture": "#top"}
			}
		},
		{
			"from": [0.25, 10, 7],
			"to": [2.75, 11, 9],
			"faces": {
				"north": {"uv": [7, 5, 8, 6], "texture": "#top"},
				"east": {"uv": [9, 5, 7, 6], "texture": "#top"},
				"south": {"uv": [8, 5, 8.5, 6], "texture": "#top"},
				"west": {"uv": [7, 5, 9, 6], "texture": "#top"},
				"up": {"uv": [7, 5, 9, 6], "rotation": 90, "texture": "#top"},
				"down": {"uv": [9, 5, 7, 6], "rotation": 90, "texture": "#top"}
			}
		},
		{
			"from": [0.25, 8, 4],
			"to": [2.75, 10, 5],
			"faces": {
				"east": {"uv": [4, 6, 5, 8], "texture": "#top"},
				"south": {"uv": [4, 6, 5, 8], "texture": "#top"},
				"west": {"uv": [4, 6, 5, 8], "texture": "#top"},
				"up": {"uv": [4, 6, 5, 8], "texture": "#top"},
				"down": {"uv": [4, 6, 5, 8], "texture": "#top"}
			}
		},
		{
			"from": [0.25, 7, 5],
			"to": [2.75, 9, 6],
			"faces": {
				"north": {"uv": [5, 7, 6, 9], "texture": "#top"},
				"east": {"uv": [5, 7, 6, 9], "texture": "#top"},
				"south": {"uv": [5, 7, 6, 9], "texture": "#top"},
				"west": {"uv": [5, 7, 6, 9], "texture": "#top"},
				"up": {"uv": [5, 7, 6, 8], "texture": "#top"},
				"down": {"uv": [5, 8, 6, 9], "texture": "#top"}
			}
		},
		{
			"from": [0.25, 6, 6],
			"to": [2.75, 8, 7],
			"faces": {
				"north": {"uv": [6, 8, 7, 10], "texture": "#top"},
				"east": {"uv": [6, 8, 7, 10], "texture": "#top"},
				"south": {"uv": [6, 8, 7, 10], "texture": "#top"},
				"west": {"uv": [6, 8, 7, 10], "texture": "#top"},
				"up": {"uv": [6, 8, 7, 9], "texture": "#top"},
				"down": {"uv": [6, 9, 7, 10], "texture": "#top"}
			}
		},
		{
			"from": [0.25, 5, 7],
			"to": [2.75, 7, 8],
			"faces": {
				"north": {"uv": [7, 9, 8, 11], "texture": "#top"},
				"east": {"uv": [7, 9, 8, 11], "texture": "#top"},
				"south": {"uv": [7, 9, 8, 11], "texture": "#top"},
				"west": {"uv": [7, 9, 8, 11], "texture": "#top"},
				"up": {"uv": [7, 9, 8, 10], "texture": "#top"},
				"down": {"uv": [7, 10, 8, 11], "texture": "#top"}
			}
		},
		{
			"from": [0.25, 4, 8],
			"to": [2.75, 6, 9],
			"faces": {
				"north": {"uv": [8, 10, 9, 12], "texture": "#top"},
				"east": {"uv": [8, 10, 9, 12], "texture": "#top"},
				"south": {"uv": [8, 10, 9, 12], "texture": "#top"},
				"west": {"uv": [8, 10, 9, 12], "texture": "#top"},
				"up": {"uv": [8, 10, 9, 11], "texture": "#top"},
				"down": {"uv": [8, 11, 9, 12], "texture": "#top"}
			}
		},
		{
			"from": [0.25, 3, 9],
			"to": [2.75, 5, 10],
			"faces": {
				"north": {"uv": [9, 11, 10, 13], "texture": "#top"},
				"east": {"uv": [9, 11, 10, 13], "texture": "#top"},
				"south": {"uv": [9, 11, 10, 13], "texture": "#top"},
				"west": {"uv": [9, 11, 10, 13], "texture": "#top"},
				"up": {"uv": [9, 11, 10, 12], "texture": "#top"},
				"down": {"uv": [9, 12, 10, 13], "texture": "#top"}
			}
		},
		{
			"from": [0.25, 2, 10],
			"to": [2.75, 4, 11],
			"faces": {
				"north": {"uv": [10, 12, 11, 14], "texture": "#top"},
				"east": {"uv": [10, 12, 11, 14], "texture": "#top"},
				"south": {"uv": [10, 12, 11, 14], "texture": "#top"},
				"west": {"uv": [10, 12, 11, 14], "texture": "#top"},
				"up": {"uv": [10, 12, 11, 13], "texture": "#top"},
				"down": {"uv": [10, 13, 11, 14], "texture": "#top"}
			}
		},
		{
			"from": [0.25, 1, 11],
			"to": [2.75, 3, 12],
			"faces": {
				"north": {"uv": [5, 7, 6, 9], "texture": "#top"},
				"east": {"uv": [5, 7, 6, 9], "texture": "#top"},
				"south": {"uv": [5, 7, 6, 9], "texture": "#top"},
				"west": {"uv": [5, 7, 6, 9], "texture": "#top"},
				"up": {"uv": [5, 7, 6, 8], "texture": "#top"},
				"down": {"uv": [5, 8, 6, 9], "texture": "#top"}
			}
		},
		{
			"from": [0.25, 3, 4],
			"to": [2.75, 5, 5],
			"faces": {
				"east": {"uv": [4, 11, 5, 13], "texture": "#top"},
				"south": {"uv": [4, 11, 5, 13], "texture": "#top"},
				"west": {"uv": [4, 11, 5, 13], "texture": "#top"},
				"up": {"uv": [4, 11, 5, 12], "texture": "#top"},
				"down": {"uv": [4, 12, 5, 13], "texture": "#top"}
			}
		},
		{
			"from": [0.25, 2, 5],
			"to": [2.75, 4, 6],
			"faces": {
				"north": {"uv": [5, 12, 6, 14], "texture": "#top"},
				"east": {"uv": [5, 12, 6, 14], "texture": "#top"},
				"south": {"uv": [5, 12, 6, 14], "texture": "#top"},
				"west": {"uv": [5, 12, 6, 14], "texture": "#top"},
				"up": {"uv": [5, 12, 6, 13], "texture": "#top"},
				"down": {"uv": [5, 13, 6, 14], "texture": "#top"}
			}
		},
		{
			"from": [0.25, 1, 6],
			"to": [2.75, 3, 7],
			"faces": {
				"north": {"uv": [6, 13, 7, 15], "texture": "#top"},
				"east": {"uv": [6, 13, 7, 15], "texture": "#top"},
				"south": {"uv": [6, 13, 7, 15], "texture": "#top"},
				"west": {"uv": [6, 13, 7, 15], "texture": "#top"},
				"up": {"uv": [6, 13, 7, 14], "texture": "#top"},
				"down": {"uv": [6, 14, 7, 15], "texture": "#top"}
			}
		},
		{
			"from": [0.25, 0, 7],
			"to": [2.75, 2, 8],
			"faces": {
				"north": {"uv": [7, 14, 8, 16], "texture": "#top"},
				"east": {"uv": [7, 14, 8, 16], "texture": "#top"},
				"south": {"uv": [7, 14, 8, 16], "texture": "#top"},
				"west": {"uv": [7, 14, 8, 16], "texture": "#top"},
				"up": {"uv": [7, 14, 8, 15], "texture": "#top"},
				"down": {"uv": [7, 15, 8, 16], "texture": "#top"}
			}
		},
		{
			"from": [0.25, 0, 8],
			"to": [2.75, 1, 9],
			"faces": {
				"north": {"uv": [8, 15, 9, 16], "texture": "#top"},
				"east": {"uv": [8, 15, 9, 16], "texture": "#top"},
				"south": {"uv": [8, 15, 9, 16], "texture": "#top"},
				"west": {"uv": [8, 15, 9, 16], "texture": "#top"},
				"up": {"uv": [8, 15, 9, 16], "texture": "#top"},
				"down": {"uv": [8, 15, 9, 16], "texture": "#top"}
			}
		},
		{
			"from": [0.5, 11, 4],
			"to": [2.5, 12, 5],
			"faces": {
				"east": {"uv": [4, 4, 5, 5], "texture": "#top"},
				"south": {"uv": [4, 4, 5, 5], "texture": "#top"},
				"west": {"uv": [4, 4, 5, 5], "texture": "#top"},
				"down": {"uv": [4, 4, 5, 5], "rotation": 180, "texture": "#top"}
			}
		},
		{
			"from": [0.5, 9, 7],
			"to": [2.5, 10, 8],
			"faces": {
				"east": {"uv": [4, 4, 5, 5], "texture": "#top"},
				"west": {"uv": [4, 4, 5, 5], "texture": "#top"},
				"down": {"uv": [4, 4, 5, 5], "rotation": 180, "texture": "#top"}
			}
		},
		{
			"from": [0.5, 6, 4],
			"to": [2.5, 8, 5],
			"faces": {
				"east": {"uv": [4, 4, 5, 5], "texture": "#top"},
				"south": {"uv": [4, 4, 5, 5], "texture": "#top"},
				"west": {"uv": [4, 4, 5, 5], "texture": "#top"},
				"down": {"uv": [4, 4, 5, 5], "rotation": 180, "texture": "#top"}
			}
		},
		{
			"from": [0.5, 1, 4],
			"to": [2.5, 3, 5],
			"faces": {
				"east": {"uv": [4, 4, 5, 5], "texture": "#top"},
				"south": {"uv": [4, 4, 5, 5], "texture": "#top"},
				"west": {"uv": [4, 4, 5, 5], "texture": "#top"},
				"down": {"uv": [4, 4, 5, 5], "rotation": 180, "texture": "#top"}
			}
		},
		{
			"from": [0.5, 3, 6],
			"to": [2.5, 5, 7],
			"faces": {
				"north": {"uv": [4, 4, 5, 5], "rotation": 180, "texture": "#top"},
				"east": {"uv": [4, 4, 5, 5], "rotation": 180, "texture": "#top"},
				"south": {"uv": [4, 4, 5, 5], "rotation": 180, "texture": "#top"},
				"west": {"uv": [4, 4, 5, 5], "rotation": 180, "texture": "#top"},
				"up": {"uv": [4, 4, 5, 5], "rotation": 180, "texture": "#top"},
				"down": {"uv": [4, 4, 5, 5], "rotation": 180, "texture": "#top"}
			}
		},
		{
			"from": [0.5, 8, 6],
			"to": [2.5, 10, 7],
			"faces": {
				"north": {"uv": [4, 4, 5, 5], "rotation": 180, "texture": "#top"},
				"east": {"uv": [4, 4, 5, 5], "rotation": 180, "texture": "#top"},
				"south": {"uv": [4, 4, 5, 5], "rotation": 180, "texture": "#top"},
				"west": {"uv": [4, 4, 5, 5], "rotation": 180, "texture": "#top"},
				"up": {"uv": [4, 4, 5, 5], "rotation": 180, "texture": "#top"}
			}
		},
		{
			"from": [0.5, 6, 9],
			"to": [2.5, 8, 10],
			"faces": {
				"north": {"uv": [4, 4, 5, 5], "rotation": 180, "texture": "#top"},
				"east": {"uv": [4, 4, 5, 5], "rotation": 180, "texture": "#top"},
				"south": {"uv": [4, 4, 5, 5], "rotation": 180, "texture": "#top"},
				"west": {"uv": [4, 4, 5, 5], "rotation": 180, "texture": "#top"},
				"up": {"uv": [4, 4, 5, 5], "rotation": 180, "texture": "#top"},
				"down": {"uv": [4, 4, 5, 5], "rotation": 180, "texture": "#top"}
			}
		},
		{
			"from": [0.5, 1, 9],
			"to": [2.5, 3, 10],
			"faces": {
				"north": {"uv": [4, 4, 5, 5], "rotation": 180, "texture": "#top"},
				"east": {"uv": [4, 4, 5, 5], "rotation": 180, "texture": "#top"},
				"south": {"uv": [4, 4, 5, 5], "rotation": 180, "texture": "#top"},
				"west": {"uv": [4, 4, 5, 5], "rotation": 180, "texture": "#top"},
				"down": {"uv": [4, 4, 5, 5], "rotation": 180, "texture": "#top"}
			}
		},
		{
			"from": [0.5, 3, 11],
			"to": [2.5, 5, 12],
			"faces": {
				"north": {"uv": [4, 4, 5, 5], "rotation": 180, "texture": "#top"},
				"east": {"uv": [4, 4, 5, 5], "rotation": 180, "texture": "#top"},
				"west": {"uv": [4, 4, 5, 5], "rotation": 180, "texture": "#top"},
				"up": {"uv": [4, 4, 5, 5], "rotation": 180, "texture": "#top"}
			}
		},
		{
			"from": [0.5, 8, 11],
			"to": [2.5, 10, 12],
			"faces": {
				"north": {"uv": [4, 4, 5, 5], "rotation": 180, "texture": "#top"},
				"east": {"uv": [4, 4, 5, 5], "rotation": 180, "texture": "#top"},
				"west": {"uv": [4, 4, 5, 5], "rotation": 180, "texture": "#top"},
				"up": {"uv": [4, 4, 5, 5], "rotation": 180, "texture": "#top"}
			}
		},
		{
			"from": [0.5, 4, 7],
			"to": [2.5, 5, 8],
			"faces": {
				"east": {"uv": [4, 4, 5, 5], "texture": "#top"},
				"west": {"uv": [4, 4, 5, 5], "texture": "#top"},
				"down": {"uv": [4, 4, 5, 5], "rotation": 180, "texture": "#top"}
			}
		},
		{
			"from": [0.5, 1, 8],
			"to": [2.5, 2, 9],
			"faces": {
				"east": {"uv": [4, 4, 5, 5], "rotation": 180, "texture": "#top"},
				"west": {"uv": [4, 4, 5, 5], "rotation": 180, "texture": "#top"},
				"up": {"uv": [4, 4, 5, 5], "rotation": 180, "texture": "#top"}
			}
		},
		{
			"from": [0.5, 6, 8],
			"to": [2.5, 7, 9],
			"faces": {
				"east": {"uv": [4, 4, 5, 5], "rotation": 180, "texture": "#top"},
				"west": {"uv": [4, 4, 5, 5], "rotation": 180, "texture": "#top"},
				"up": {"uv": [4, 4, 5, 5], "rotation": 180, "texture": "#top"}
			}
		},
		{
			"from": [0.5, 11, 8],
			"to": [2.5, 12, 10],
			"faces": {
				"east": {"uv": [4, 4, 5, 5], "texture": "#top"},
				"south": {"uv": [4, 4, 5, 5], "texture": "#top"},
				"west": {"uv": [4, 4, 5, 5], "texture": "#top"},
				"down": {"uv": [4, 4, 5, 5], "rotation": 180, "texture": "#top"}
			}
		}
	],
	"groups": [
		{
			"name": "Marcos",
			"origin": [0, 0, 0],
			"color": 0,
			"children": [0, 1, 2]
		},
		{
			"name": "layer sup",
			"origin": [0, 0, 0],
			"color": 0,
			"children": [3, 4, 5, 6, 7, 8, 9, 10, 11, 12, 13, 14, 15, 16, 17, 18, 19, 20, 21, 22]
		},
		{
			"name": "Layer above",
			"origin": [0, 0, 0],
			"color": 0,
			"children": [23, 24, 25, 26, 27, 28, 29, 30, 31, 32, 33, 34, 35, 36]
		}
	]
}