{
	"credit": "Hecho por Melany <3",
	"ambientocclusion": false,
	"textures": {
		"1": "block/crimson_door_bottom",
		"particle": "block/crimson_door_bottom"
	},
	"elements": [
		{
			"from": [0, 0, 0],
			"to": [3, 16, 16],
			"faces": {
				"north": {"uv": [15, 0, 16, 16], "texture": "#1", "cullface": "north"},
				"east": {"uv": [0, 0, 16, 16], "texture": "#1"},
				"south": {"uv": [0, 0, 1, 16], "texture": "#1", "cullface": "south"},
				"west": {"uv": [16, 0, 0, 16], "texture": "#1", "cullface": "west"},
				"down": {"uv": [0, 15, 16, 16], "rotation": 90, "texture": "#1", "cullface": "down"}
			}
		},
		{
			"from": [-0.5, 6, 0],
			"to": [0, 11, 16],
			"rotation": {"angle": 0, "axis": "y", "origin": [-4, 8, 8]},
			"faces": {
				"north": {"uv": [15, 5, 16, 10], "texture": "#1", "cullface": "west"},
				"south": {"uv": [1, 5, 0, 10], "texture": "#1", "cullface": "west"},
				"west": {"uv": [16, 5, 0, 10], "texture": "#1", "cullface": "west"},
				"up": {"uv": [0, 5, 16, 6], "rotation": 270, "texture": "#1", "cullface": "west"},
				"down": {"uv": [16, 9, 0, 10], "rotation": 270, "texture": "#1", "cullface": "west"}
			}
		},
		{
			"from": [3, 6, 0],
			"to": [3.5, 11, 16],
			"rotation": {"angle": 0, "axis": "y", "origin": [-4, 8, 8]},
			"faces": {
				"north": {"uv": [15, 5, 16, 10], "texture": "#1", "cullface": "north"},
				"east": {"uv": [0, 5, 16, 10], "texture": "#1"},
				"south": {"uv": [1, 5, 0, 10], "texture": "#1", "cullface": "south"},
				"up": {"uv": [0, 5, 16, 6], "rotation": 270, "texture": "#1"},
				"down": {"uv": [16, 9, 0, 10], "rotation": 270, "texture": "#1"}
			}
		},
		{
			"from": [-0.5, 15, 2],
			"to": [3.5, 16, 5],
			"rotation": {"angle": 0, "axis": "y", "origin": [8.5, 8, -1]},
			"faces": {
				"north": {"uv": [11, 0, 14, 1], "texture": "#1"},
				"east": {"uv": [11, 0, 14, 1], "texture": "#1"},
				"south": {"uv": [11, 0, 14, 1], "texture": "#1"},
				"west": {"uv": [11, 0, 14, 1], "texture": "#1", "cullface": "west"},
				"up": {"uv": [11, 0, 14, 1], "texture": "#1", "cullface": "up"},
				"down": {"uv": [11, 0, 14, 1], "texture": "#1"}
			}
		}
	]
}