{
	"credit": "Hecho por Melany <3",
	"parent": "block/template_orientable_trapdoor_open",
	"textures": {
		"trapdoor": "block/crimson_trapdoor",
		"particle": "block/crimson_trapdoor",
		"side": "block/crimson_trapdoor_side"
	},
	"elements": [
		{
			"from": [0, 0, 13],
			"to": [16, 3, 16],
			"rotation": {"angle": 0, "axis": "x", "origin": [8, 8, 21]},
			"faces": {
				"north": {"uv": [0, 16, 16, 13], "rotation": 180, "texture": "#trapdoor"},
				"east": {"uv": [0, 0, 2, 3], "rotation": 270, "texture": "#side", "cullface": "east"},
				"south": {"uv": [0, 0, 16, 3], "texture": "#trapdoor", "cullface": "south"},
				"west": {"uv": [14, 0, 16, 3], "rotation": 90, "texture": "#side", "cullface": "west"},
				"up": {"uv": [0, 0, 16, 3], "rotation": 180, "texture": "#side"},
				"down": {"uv": [0, 0, 16, 3], "texture": "#side", "cullface": "down"}
			}
		},
		{
			"from": [3, 9, 13],
			"to": [13, 12, 16],
			"rotation": {"angle": 0, "axis": "x", "origin": [8, 8, 21]},
			"faces": {
				"north": {"uv": [3, 12, 13, 9], "rotation": 180, "texture": "#trapdoor"},
				"south": {"uv": [3, 4, 13, 7], "texture": "#trapdoor", "cullface": "south"},
				"up": {"uv": [0, 0, 16, 3], "rotation": 180, "texture": "#side"},
				"down": {"uv": [0, 0, 16, 3], "texture": "#side"}
			}
		},
		{
			"from": [0.0001, 3, 13],
			"to": [3.0001, 13, 16],
			"rotation": {"angle": 0, "axis": "x", "origin": [8, 8, 21]},
			"faces": {
				"north": {"uv": [0, 13, 3, 3], "rotation": 180, "texture": "#trapdoor"},
				"east": {"uv": [3, 0, 13, 3], "rotation": 270, "texture": "#side"},
				"south": {"uv": [0, 3, 3, 13], "texture": "#trapdoor", "cullface": "south"},
				"west": {"uv": [3, 0, 13, 3], "rotation": 90, "texture": "#side", "cullface": "west"}
			}
		},
		{
			"from": [13, 3, 13],
			"to": [16, 13, 16],
			"rotation": {"angle": 0, "axis": "x", "origin": [8, 8, 21]},
			"faces": {
				"north": {"uv": [13, 13, 16, 3], "rotation": 180, "texture": "#trapdoor"},
				"east": {"uv": [3, 0, 13, 3], "rotation": 270, "texture": "#side", "cullface": "east"},
				"south": {"uv": [13, 3, 16, 13], "texture": "#trapdoor", "cullface": "south"},
				"west": {"uv": [3, 0, 13, 3], "rotation": 90, "texture": "#side"}
			}
		},
		{
			"from": [0, 13, 13],
			"to": [16, 16, 16],
			"rotation": {"angle": 0, "axis": "x", "origin": [8, 8, 21]},
			"faces": {
				"north": {"uv": [0, 3, 16, 0], "rotation": 180, "texture": "#trapdoor"},
				"east": {"uv": [13, 0, 16, 3], "rotation": 270, "texture": "#side", "cullface": "east"},
				"south": {"uv": [0, 0, 16, 3], "texture": "#trapdoor", "cullface": "south"},
				"west": {"uv": [0, 0, 3, 3], "rotation": 90, "texture": "#side", "cullface": "west"},
				"up": {"uv": [0, 0, 16, 3], "rotation": 180, "texture": "#side", "cullface": "up"},
				"down": {"uv": [0, 0, 16, 3], "texture": "#side"}
			}
		},
		{
			"from": [3, 4, 13],
			"to": [13, 7, 16],
			"rotation": {"angle": 0, "axis": "x", "origin": [8, 8, 21]},
			"faces": {
				"north": {"uv": [3, 7, 13, 4], "rotation": 180, "texture": "#trapdoor"},
				"south": {"uv": [3, 9, 13, 12], "texture": "#trapdoor", "cullface": "south"},
				"up": {"uv": [0, 0, 16, 3], "rotation": 180, "texture": "#side"},
				"down": {"uv": [0, 0, 16, 3], "texture": "#side"}
			}
		}
	]
}