{
	"credit": "Hecho por Melany <3",
	"parent": "block/cube",
	"textures": {
		"4": "block/fletching_table_top_tools",
		"5": "block/fletching_table_top_empty",
		"down": "block/birch_planks",
		"particle": "block/fletching_table_front",
		"north": "block/fletching_table_front",
		"east": "block/fletching_table_side"
	},
	"elements": [
		{
			"name": "Cube1",
			"from": [0, 0, 0],
			"to": [16, 16, 16],
			"faces": {
				"north": {"uv": [0, 0, 16, 16], "texture": "#north", "cullface": "north"},
				"east": {"uv": [0, 0, 16, 16], "texture": "#east", "cullface": "east"},
				"south": {"uv": [0, 0, 16, 16], "texture": "#north", "cullface": "south"},
				"west": {"uv": [0, 0, 16, 16], "texture": "#east", "cullface": "west"},
				"up": {"uv": [0, 0, 16, 16], "texture": "#5", "cullface": "up"},
				"down": {"uv": [0, 0, 16, 16], "texture": "#down", "cullface": "down"}
			}
		},
		{
			"name": "Cube2",
			"from": [3, 16.2, 2],
			"to": [4, 16.2, 4],
			"rotation": {"angle": 0, "axis": "y", "origin": [8, 8.2, 8]},
			"faces": {
				"up": {"uv": [3, 2, 4, 4], "texture": "#4", "cullface": "up"}
			}
		},
		{
			"name": "Cube3",
			"from": [4, 16.2, 3],
			"to": [5, 16.2, 4],
			"rotation": {"angle": 0, "axis": "y", "origin": [9, 8.2, 8]},
			"faces": {
				"up": {"uv": [4, 3, 5, 4], "texture": "#4", "cullface": "up"}
			}
		},
		{
			"name": "Cube3",
			"from": [3, 16.2, 10],
			"to": [4, 16.2, 11],
			"rotation": {"angle": 0, "axis": "y", "origin": [8, 8.2, 16]},
			"faces": {
				"up": {"uv": [3, 10, 4, 11], "texture": "#4", "cullface": "up"}
			}
		},
		{
			"name": "Cube4",
			"from": [2, 16.2, 4],
			"to": [5, 16.2, 10],
			"rotation": {"angle": 0, "axis": "y", "origin": [8, 8.2, 15]},
			"faces": {
				"up": {"uv": [2, 4, 5, 10], "texture": "#4", "cullface": "up"}
			}
		},
		{
			"name": "Cube5",
			"from": [9, 16.2, 12],
			"to": [10, 16.2, 14],
			"rotation": {"angle": 0, "axis": "y", "origin": [15, 8.2, 19]},
			"faces": {
				"up": {"uv": [9, 12, 10, 14], "texture": "#4", "cullface": "up"}
			}
		},
		{
			"name": "Cube6",
			"from": [10, 16.2, 11],
			"to": [11, 16.2, 13],
			"rotation": {"angle": 0, "axis": "y", "origin": [16, 8.2, 18]},
			"faces": {
				"up": {"uv": [10, 11, 11, 13], "texture": "#4", "cullface": "up"}
			}
		},
		{
			"name": "Cube7",
			"from": [11, 16.2, 10],
			"to": [12, 16.2, 12],
			"rotation": {"angle": 0, "axis": "y", "origin": [17, 8.2, 17]},
			"faces": {
				"up": {"uv": [11, 10, 12, 12], "texture": "#4", "cullface": "up"}
			}
		},
		{
			"name": "Cube8",
			"from": [12, 16.2, 9],
			"to": [13, 16.2, 11],
			"rotation": {"angle": 0, "axis": "y", "origin": [18, 8.2, 16]},
			"faces": {
				"up": {"uv": [12, 9, 13, 11], "texture": "#4", "cullface": "up"}
			}
		},
		{
			"name": "Cube9",
			"from": [13, 16.2, 8],
			"to": [14, 16.2, 10],
			"rotation": {"angle": 0, "axis": "y", "origin": [19, 8.2, 15]},
			"faces": {
				"up": {"uv": [13, 8, 14, 10], "texture": "#4", "cullface": "up"}
			}
		},
		{
			"name": "Cube10",
			"from": [14, 16.2, 8],
			"to": [15, 16.2, 9],
			"rotation": {"angle": 0, "axis": "y", "origin": [20, 8.2, 15]},
			"faces": {
				"up": {"uv": [14, 8, 15, 9], "texture": "#4", "cullface": "up"}
			}
		},
		{
			"name": "Cube4",
			"from": [4, 16.2, 11],
			"to": [5, 16.2, 12],
			"rotation": {"angle": 0, "axis": "y", "origin": [9, 8.2, 17]},
			"faces": {
				"up": {"uv": [4, 11, 5, 12], "texture": "#4", "cullface": "up"}
			}
		},
		{
			"name": "Cube2",
			"from": [16, 8, 0],
			"to": [17, 9, 16],
			"faces": {
				"north": {"uv": [0, 7, 1, 8], "texture": "#east", "cullface": "east"},
				"east": {"uv": [0, 7, 16, 8], "texture": "#east", "cullface": "east"},
				"south": {"uv": [15, 7, 16, 8], "texture": "#north", "cullface": "east"},
				"up": {"uv": [0, 8, 16, 7], "rotation": 270, "texture": "#east", "cullface": "east"},
				"down": {"uv": [16, 7, 0, 8], "rotation": 270, "texture": "#east", "cullface": "east"}
			}
		},
		{
			"name": "Cube3",
			"from": [16, 3, 3.5],
			"to": [16.5, 14, 3.5],
			"rotation": {"angle": 0, "axis": "y", "origin": [8, 9, 7.5]},
			"faces": {
				"north": {"uv": [12, 2, 13, 13], "texture": "#east", "cullface": "east"},
				"south": {"uv": [12, 2, 13, 13], "texture": "#east", "cullface": "east"}
			}
		},
		{
			"name": "Cube4",
			"from": [-0.5, 3, 12.5],
			"to": [0, 14, 12.5],
			"rotation": {"angle": 0, "axis": "y", "origin": [-8.5, 9, 16.5]},
			"faces": {
				"north": {"uv": [12, 2, 13, 13], "texture": "#east", "cullface": "west"},
				"south": {"uv": [12, 2, 13, 13], "texture": "#east", "cullface": "west"}
			}
		},
		{
			"name": "Cube5",
			"from": [11.5, 2, 15.95],
			"to": [11.5, 13, 16.45],
			"rotation": {"angle": 0, "axis": "y", "origin": [11.5, 7, 16.7]},
			"faces": {
				"east": {"uv": [11, 3, 12, 14], "texture": "#north", "cullface": "south"},
				"west": {"uv": [11, 3, 12, 14], "texture": "#north", "cullface": "south"}
			}
		},
		{
			"name": "Cube6",
			"from": [4.5, 2, -0.5],
			"to": [4.5, 13, 0],
			"rotation": {"angle": 0, "axis": "y", "origin": [4.5, 7.5, -0.5]},
			"faces": {
				"east": {"uv": [11, 3, 12, 14], "texture": "#north", "cullface": "north"},
				"west": {"uv": [11, 3, 12, 14], "texture": "#north", "cullface": "north"}
			}
		},
		{
			"name": "Cube6",
			"from": [11.5, 11, 16.45],
			"to": [11.5, 14, 17.45],
			"rotation": {"angle": 0, "axis": "y", "origin": [11.5, 8, 17.7]},
			"faces": {
				"east": {"uv": [10, 2, 11, 5], "texture": "#north", "cullface": "south"},
				"west": {"uv": [10, 2, 11, 5], "texture": "#north", "cullface": "south"}
			}
		},
		{
			"name": "Cube7",
			"from": [11.5, 3, 16.45],
			"to": [11.5, 5, 17.45],
			"rotation": {"angle": 0, "axis": "y", "origin": [11.5, 0, 17.7]},
			"faces": {
				"east": {"uv": [10, 11, 11, 13], "texture": "#north", "cullface": "south"},
				"west": {"uv": [10, 11, 11, 13], "texture": "#north", "cullface": "south"}
			}
		},
		{
			"name": "Cube8",
			"from": [4.5, 3, -1.5],
			"to": [4.5, 5, -0.5],
			"rotation": {"angle": 0, "axis": "y", "origin": [4.5, 4, -1]},
			"faces": {
				"east": {"uv": [10, 11, 11, 13], "texture": "#north", "cullface": "north"},
				"west": {"uv": [10, 11, 11, 13], "texture": "#north", "cullface": "north"}
			}
		},
		{
			"name": "Cube9",
			"from": [4.5, 11, -1.5],
			"to": [4.5, 14, -0.5],
			"rotation": {"angle": 0, "axis": "y", "origin": [4.5, 12, -1]},
			"faces": {
				"east": {"uv": [10, 2, 11, 5], "texture": "#north", "cullface": "north"},
				"west": {"uv": [10, 2, 11, 5], "texture": "#north", "cullface": "north"}
			}
		},
		{
			"name": "Cube4",
			"from": [16.5, 11, 3.5],
			"to": [17.5, 13, 3.5],
			"rotation": {"angle": 0, "axis": "y", "origin": [8.5, 9, 7.5]},
			"faces": {
				"north": {"uv": [13, 3, 14, 5], "texture": "#east", "cullface": "east"},
				"south": {"uv": [13, 3, 14, 5], "texture": "#east", "cullface": "east"}
			}
		},
		{
			"name": "Cube5",
			"from": [-1.5, 11, 12.5],
			"to": [-0.5, 13, 12.5],
			"rotation": {"angle": 0, "axis": "y", "origin": [-9.5, 9, 16.5]},
			"faces": {
				"north": {"uv": [13, 3, 14, 5], "texture": "#east", "cullface": "west"},
				"south": {"uv": [13, 3, 14, 5], "texture": "#east", "cullface": "west"}
			}
		},
		{
			"name": "Cube5",
			"from": [16.5, 2, 3.5],
			"to": [17.5, 5, 3.5],
			"rotation": {"angle": 0, "axis": "y", "origin": [8.5, 1, 7.5]},
			"faces": {
				"north": {"uv": [13, 11, 14, 14], "texture": "#east", "cullface": "east"},
				"south": {"uv": [13, 11, 14, 14], "texture": "#east", "cullface": "east"}
			}
		},
		{
			"name": "Cube6",
			"from": [-1.5, 2, 12.5],
			"to": [-0.5, 5, 12.5],
			"rotation": {"angle": 0, "axis": "y", "origin": [-9.5, 1, 16.5]},
			"faces": {
				"north": {"uv": [13, 11, 14, 14], "texture": "#east", "cullface": "west"},
				"south": {"uv": [13, 11, 14, 14], "texture": "#east", "cullface": "west"}
			}
		},
		{
			"name": "Cube2",
			"from": [4, 12, 16],
			"to": [6, 14, 17],
			"faces": {
				"east": {"uv": [5, 2, 6, 4], "texture": "#north", "cullface": "south"},
				"south": {"uv": [4, 2, 6, 4], "texture": "#north", "cullface": "south"},
				"west": {"uv": [5, 2, 4, 4], "texture": "#north", "cullface": "south"},
				"up": {"uv": [4, 3, 6, 2], "texture": "#north", "cullface": "south"},
				"down": {"uv": [2, 11, 3, 12], "texture": "#north", "cullface": "south"}
			}
		},
		{
			"name": "Cube2",
			"from": [0, 8, -1],
			"to": [16, 9, 0],
			"faces": {
				"north": {"uv": [0, 7, 16, 8], "texture": "#north", "cullface": "north"},
				"east": {"uv": [0, 7, 1, 8], "texture": "#north", "cullface": "north"},
				"west": {"uv": [16, 7, 15, 8], "texture": "#north", "cullface": "north"},
				"up": {"uv": [0, 8, 16, 7], "texture": "#north", "cullface": "north"},
				"down": {"uv": [0, 7, 16, 8], "texture": "#north", "cullface": "north"}
			}
		},
		{
			"name": "Cube2",
			"from": [16, 4, 7],
			"to": [17, 5, 13],
			"faces": {
				"north": {"uv": [4, 4, 3, 5], "texture": "#east", "cullface": "south"},
				"east": {"uv": [3, 11, 9, 12], "texture": "#east", "cullface": "south"},
				"south": {"uv": [9, 4, 8, 5], "texture": "#east", "cullface": "south"},
				"down": {"uv": [9, 11, 3, 12], "rotation": 270, "texture": "#east", "cullface": "south"}
			}
		},
		{
			"name": "Cube2",
			"from": [-1, 8, 0],
			"to": [0, 9, 16],
			"faces": {
				"north": {"uv": [1, 7, 0, 8], "texture": "#east", "cullface": "west"},
				"south": {"uv": [16, 7, 15, 8], "texture": "#north", "cullface": "west"},
				"west": {"uv": [0, 7, 16, 8], "texture": "#east", "cullface": "west"},
				"up": {"uv": [16, 8, 0, 7], "rotation": 270, "texture": "#east", "cullface": "west"},
				"down": {"uv": [16, 7, 0, 8], "rotation": 90, "texture": "#east", "cullface": "west"}
			}
		},
		{
			"name": "Cube2",
			"from": [-1, 4, 3],
			"to": [0, 5, 9],
			"faces": {
				"north": {"uv": [4, 4, 3, 5], "texture": "#east", "cullface": "west"},
				"south": {"uv": [9, 4, 8, 5], "texture": "#east", "cullface": "west"},
				"west": {"uv": [3, 11, 9, 12], "texture": "#east", "cullface": "west"},
				"down": {"uv": [9, 11, 3, 12], "rotation": 270, "texture": "#east", "cullface": "west"}
			}
		},
		{
			"name": "Cube2",
			"from": [16, 5, 6],
			"to": [17, 11, 14],
			"faces": {
				"north": {"uv": [3, 5, 2, 11], "texture": "#east", "cullface": "east"},
				"east": {"uv": [2, 5, 10, 11], "texture": "#east", "cullface": "east"},
				"south": {"uv": [10, 5, 9, 11], "texture": "#east", "cullface": "east"},
				"up": {"uv": [10, 6, 2, 5], "rotation": 270, "texture": "#east", "cullface": "east"},
				"down": {"uv": [9, 11, 3, 12], "rotation": 270, "texture": "#east", "cullface": "east"}
			}
		},
		{
			"name": "Cube2",
			"from": [16, 11, 7],
			"to": [17, 12, 13],
			"faces": {
				"north": {"uv": [4, 4, 3, 5], "texture": "#east", "cullface": "east"},
				"east": {"uv": [3, 4, 9, 5], "texture": "#east", "cullface": "east"},
				"south": {"uv": [9, 4, 8, 5], "texture": "#east", "cullface": "east"},
				"up": {"uv": [9, 5, 3, 4], "rotation": 270, "texture": "#east", "cullface": "east"}
			}
		},
		{
			"name": "Cube2",
			"from": [-1, 5, 2],
			"to": [0, 11, 10],
			"faces": {
				"north": {"uv": [3, 5, 2, 11], "texture": "#east", "cullface": "west"},
				"south": {"uv": [10, 5, 9, 11], "texture": "#east", "cullface": "west"},
				"west": {"uv": [2, 5, 10, 11], "texture": "#east", "cullface": "west"},
				"up": {"uv": [10, 6, 2, 5], "rotation": 270, "texture": "#east", "cullface": "west"},
				"down": {"uv": [9, 11, 3, 12], "rotation": 270, "texture": "#east", "cullface": "west"}
			}
		},
		{
			"name": "Cube2",
			"from": [-1, 11, 3],
			"to": [0, 12, 9],
			"faces": {
				"north": {"uv": [4, 4, 3, 5], "texture": "#east", "cullface": "west"},
				"south": {"uv": [9, 4, 8, 5], "texture": "#east", "cullface": "west"},
				"west": {"uv": [3, 4, 9, 5], "texture": "#east", "cullface": "west"},
				"up": {"uv": [9, 5, 3, 4], "rotation": 270, "texture": "#east", "cullface": "west"}
			}
		},
		{
			"name": "Cube2",
			"from": [0, 8, 16],
			"to": [16, 9, 17],
			"faces": {
				"east": {"uv": [0, 7, 1, 8], "texture": "#north", "cullface": "south"},
				"south": {"uv": [0, 7, 16, 8], "texture": "#north", "cullface": "south"},
				"west": {"uv": [16, 7, 15, 8], "texture": "#north", "cullface": "south"},
				"up": {"uv": [0, 8, 16, 7], "texture": "#north", "cullface": "south"},
				"down": {"uv": [0, 7, 16, 8], "texture": "#north", "cullface": "south"}
			}
		},
		{
			"name": "Cube2",
			"from": [13, 4, -1],
			"to": [14, 12, 0],
			"faces": {
				"north": {"uv": [2, 4, 3, 12], "texture": "#north", "cullface": "north"},
				"east": {"uv": [3, 4, 2, 12], "texture": "#north", "cullface": "north"},
				"west": {"uv": [2, 4, 3, 12], "texture": "#north", "cullface": "north"},
				"up": {"uv": [2, 5, 3, 4], "rotation": 180, "texture": "#north", "cullface": "north"},
				"down": {"uv": [2, 11, 3, 12], "rotation": 180, "texture": "#north", "cullface": "north"}
			}
		},
		{
			"name": "Cube2",
			"from": [12, 2, -1],
			"to": [13, 5, 0],
			"faces": {
				"north": {"uv": [3, 11, 4, 14], "texture": "#north", "cullface": "north"},
				"east": {"uv": [4, 11, 3, 14], "texture": "#north", "cullface": "north"},
				"west": {"uv": [3, 11, 4, 14], "texture": "#north", "cullface": "north"},
				"up": {"uv": [2, 5, 3, 4], "rotation": 180, "texture": "#north", "cullface": "north"},
				"down": {"uv": [2, 11, 3, 12], "rotation": 180, "texture": "#north", "cullface": "north"}
			}
		},
		{
			"name": "Cube2",
			"from": [12, 10, -1],
			"to": [13, 13, 0],
			"faces": {
				"north": {"uv": [3, 11, 4, 14], "texture": "#north", "cullface": "north"},
				"east": {"uv": [4, 11, 3, 14], "texture": "#north", "cullface": "north"},
				"west": {"uv": [3, 11, 4, 14], "texture": "#north", "cullface": "north"},
				"up": {"uv": [2, 5, 3, 4], "rotation": 180, "texture": "#north", "cullface": "north"},
				"down": {"uv": [2, 11, 3, 12], "rotation": 180, "texture": "#north", "cullface": "north"}
			}
		},
		{
			"name": "Cube2",
			"from": [10, 12, -1],
			"to": [12, 14, 0],
			"faces": {
				"north": {"uv": [4, 2, 6, 4], "texture": "#north", "cullface": "north"},
				"east": {"uv": [5, 13, 4, 15], "texture": "#north", "cullface": "north"},
				"west": {"uv": [5, 13, 6, 15], "texture": "#north", "cullface": "north"},
				"up": {"uv": [2, 5, 3, 4], "rotation": 180, "texture": "#north", "cullface": "north"},
				"down": {"uv": [2, 11, 3, 12], "rotation": 180, "texture": "#north", "cullface": "north"}
			}
		},
		{
			"name": "Cube2",
			"from": [2, 4, 16],
			"to": [3, 12, 17],
			"faces": {
				"east": {"uv": [2, 4, 3, 12], "texture": "#north", "cullface": "south"},
				"south": {"uv": [2, 4, 3, 12], "texture": "#north", "cullface": "south"},
				"west": {"uv": [3, 4, 2, 12], "texture": "#north", "cullface": "south"},
				"up": {"uv": [2, 5, 3, 4], "texture": "#north", "cullface": "south"},
				"down": {"uv": [2, 11, 3, 12], "texture": "#north", "cullface": "south"}
			}
		},
		{
			"name": "Cube2",
			"from": [3, 2, 16],
			"to": [4, 5, 17],
			"faces": {
				"east": {"uv": [3, 11, 4, 14], "texture": "#north", "cullface": "south"},
				"south": {"uv": [3, 11, 4, 14], "texture": "#north", "cullface": "south"},
				"west": {"uv": [4, 11, 3, 14], "texture": "#north", "cullface": "south"},
				"up": {"uv": [2, 5, 3, 4], "texture": "#north", "cullface": "south"},
				"down": {"uv": [2, 11, 3, 12], "texture": "#north", "cullface": "south"}
			}
		},
		{
			"name": "Cube2",
			"from": [3, 10, 16],
			"to": [4, 13, 17],
			"faces": {
				"east": {"uv": [3, 11, 4, 14], "texture": "#north", "cullface": "south"},
				"south": {"uv": [3, 11, 4, 14], "texture": "#north", "cullface": "south"},
				"west": {"uv": [4, 11, 3, 14], "texture": "#north", "cullface": "south"},
				"up": {"uv": [2, 5, 3, 4], "texture": "#north", "cullface": "south"},
				"down": {"uv": [2, 11, 3, 12], "texture": "#north", "cullface": "south"}
			}
		},
		{
			"name": "Cube2",
			"from": [4, 1, 16],
			"to": [6, 3, 17],
			"faces": {
				"east": {"uv": [5, 13, 6, 15], "texture": "#north", "cullface": "south"},
				"south": {"uv": [4, 13, 6, 15], "texture": "#north", "cullface": "south"},
				"west": {"uv": [5, 13, 4, 15], "texture": "#north", "cullface": "south"},
				"up": {"uv": [2, 5, 3, 4], "texture": "#north", "cullface": "south"},
				"down": {"uv": [2, 11, 3, 12], "texture": "#north", "cullface": "south"}
			}
		},
		{
			"name": "Cube2",
			"from": [10, 1, -1],
			"to": [12, 3, 0],
			"faces": {
				"north": {"uv": [4, 13, 6, 15], "texture": "#north", "cullface": "north"},
				"east": {"uv": [5, 13, 4, 15], "texture": "#north", "cullface": "north"},
				"west": {"uv": [5, 13, 6, 15], "texture": "#north", "cullface": "north"},
				"up": {"uv": [2, 5, 3, 4], "rotation": 180, "texture": "#north", "cullface": "north"},
				"down": {"uv": [2, 11, 3, 12], "rotation": 180, "texture": "#north", "cullface": "north"}
			}
		}
	]
}