{
	"credit": "Hecho por Melany <3",
	"parent": "minecraft:block/cube_column_horizontal",
	"textures": {
		"end": "block/hay_block_top",
		"side": "block/hay_block_side"
	},
	"elements": [
		{
			"from": [0, 0, 0],
			"to": [16, 16, 16],
			"faces": {
				"north": {"uv": [0, 0, 16, 16], "texture": "#side"},
				"east": {"uv": [0, 0, 16, 16], "texture": "#side"},
				"south": {"uv": [0, 0, 16, 16], "texture": "#side"},
				"west": {"uv": [0, 0, 16, 16], "texture": "#side"},
				"up": {"uv": [0, 0, 16, 16], "texture": "#end"},
				"down": {"uv": [0, 0, 16, 16], "texture": "#end"}
			}
		},
		{
			"from": [-0.25, 4, -0.25],
			"to": [16.25, 5, 16.25],
			"faces": {
				"north": {"uv": [0, 11, 16, 12], "texture": "#side"},
				"east": {"uv": [0, 11, 16, 12], "texture": "#side"},
				"south": {"uv": [0, 11, 16, 12], "texture": "#side"},
				"west": {"uv": [0, 11, 16, 12], "texture": "#side"},
				"up": {"uv": [0, 11, 16, 12], "texture": "#side"},
				"down": {"uv": [0, 11, 16, 12], "texture": "#side"}
			}
		},
		{
			"from": [-0.25, 12, -0.25],
			"to": [16.25, 13, 16.25],
			"faces": {
				"north": {"uv": [0, 3, 16, 4], "texture": "#side"},
				"east": {"uv": [0, 3, 16, 4], "texture": "#side"},
				"south": {"uv": [0, 3, 16, 4], "texture": "#side"},
				"west": {"uv": [0, 3, 16, 4], "texture": "#side"},
				"up": {"uv": [0, 3, 16, 4], "texture": "#side"},
				"down": {"uv": [0, 3, 16, 4], "texture": "#side"}
			}
		}
	]
}