{
	"credit": "Hecho por Melany <3",
	"ambientocclusion": false,
	"textures": {
		"2": "block/oak_door_top",
		"particle": "block/oak_door_top"
	},
	"elements": [
		{
			"from": [-0.00093, 2.00056, -0.00074],
			"to": [2.99907, 5.00056, 15.99926],
			"faces": {
				"north": {"uv": [1, 11, 0, 14], "texture": "#2", "cullface": "north"},
				"east": {"uv": [16, 11, 0, 14], "texture": "#2"},
				"south": {"uv": [15, 11, 16, 14], "texture": "#2"},
				"west": {"uv": [0, 11, 16, 14], "texture": "#2", "cullface": "west"},
				"up": {"uv": [0, 11, 16, 12], "rotation": 90, "texture": "#2"},
				"down": {"uv": [13, 0, 16, 16], "texture": "#2"}
			}
		},
		{
			"from": [0.00021, 13.00086, -0.00014],
			"to": [3.00021, 16.00086, 15.99986],
			"faces": {
				"north": {"uv": [0, 0, 1, 3], "texture": "#2", "cullface": "north"},
				"east": {"uv": [16, 0, 0, 3], "texture": "#2"},
				"south": {"uv": [15, 3, 16, 0], "rotation": 180, "texture": "#2"},
				"west": {"uv": [0, 0, 16, 3], "texture": "#2"},
				"up": {"uv": [0, 0, 16, 1], "rotation": 90, "texture": "#2", "cullface": "up"},
				"down": {"uv": [0, 2, 16, 3], "rotation": 90, "texture": "#2"}
			}
		},
		{
			"from": [-0.00099, 5.00021, 7.00094],
			"to": [2.99901, 13.00021, 9.00094],
			"faces": {
				"north": {"uv": [8, 11, 7, 3], "texture": "#2"},
				"east": {"uv": [9, 3, 7, 11], "texture": "#2"},
				"south": {"uv": [2, 11, 3, 3], "texture": "#2"},
				"west": {"uv": [7, 3, 9, 11], "texture": "#2", "cullface": "west"},
				"up": {"uv": [0, 0, 0, 0], "texture": "#2"},
				"down": {"uv": [0, 0, 0, 0], "texture": "#2", "cullface": "west"}
			}
		},
		{
			"from": [-0.00095, 4.99981, 12.99977],
			"to": [2.99905, 12.99981, 15.99977],
			"faces": {
				"north": {"uv": [13, 3, 14, 11], "texture": "#2"},
				"east": {"uv": [16, 3, 13, 11], "texture": "#2"},
				"south": {"uv": [15, 3, 16, 11], "texture": "#2"},
				"west": {"uv": [13, 3, 16, 11], "texture": "#2", "cullface": "west"},
				"up": {"uv": [0, 0, 0, 0], "texture": "#2"},
				"down": {"uv": [0, 0, 0, 0], "texture": "#2"}
			}
		},
		{
			"from": [0, 8.00068, 2.9994],
			"to": [3, 10.00068, 12.9994],
			"faces": {
				"north": {"uv": [0, 0, 0, 0], "texture": "#2"},
				"east": {"uv": [13, 6, 3, 8], "texture": "#2"},
				"south": {"uv": [0, 0, 0, 0], "texture": "#2"},
				"west": {"uv": [3, 6, 13, 8], "texture": "#2", "cullface": "west"},
				"up": {"uv": [3, 7, 13, 6], "rotation": 90, "texture": "#2"},
				"down": {"uv": [3, 7, 13, 8], "rotation": 90, "texture": "#2"}
			}
		},
		{
			"from": [-0.5, 0.00095, 10.99946],
			"to": [3.5, 1.00095, 11.99946],
			"faces": {
				"north": {"uv": [11, 15, 12, 16], "texture": "#2"},
				"east": {"uv": [11, 15, 12, 16], "texture": "#2"},
				"south": {"uv": [11, 15, 12, 16], "texture": "#2"},
				"west": {"uv": [11, 15, 12, 16], "texture": "#2", "cullface": "west"},
				"up": {"uv": [0, 0, 0, 0], "texture": "#2"},
				"down": {"uv": [11, 15, 12, 16], "texture": "#2"}
			}
		},
		{
			"from": [-0.5, 1.00095, 12.99946],
			"to": [3.5, 2.00095, 13.99946],
			"rotation": {"angle": 0, "axis": "y", "origin": [8, 9, 10]},
			"faces": {
				"north": {"uv": [13, 14, 14, 15], "texture": "#2"},
				"east": {"uv": [13, 14, 14, 15], "texture": "#2"},
				"south": {"uv": [13, 14, 14, 15], "texture": "#2"},
				"west": {"uv": [13, 14, 14, 15], "texture": "#2", "cullface": "west"},
				"up": {"uv": [13, 14, 14, 15], "texture": "#2"},
				"down": {"uv": [13, 14, 14, 15], "texture": "#2"}
			}
		},
		{
			"from": [0.00072, 4.99948, 0.00064],
			"to": [3.00072, 12.99948, 3.00064],
			"faces": {
				"north": {"uv": [1, 3, 0, 11], "texture": "#2"},
				"east": {"uv": [3, 3, 0, 11], "texture": "#2"},
				"south": {"uv": [8, 11, 9, 3], "texture": "#2"},
				"west": {"uv": [0, 3, 3, 11], "texture": "#2"},
				"up": {"uv": [0, 0, 0, 0], "texture": "#2"},
				"down": {"uv": [0, 0, 0, 0], "texture": "#2"}
			}
		},
		{
			"from": [0, 0, 0],
			"to": [3, 2, 3],
			"faces": {
				"north": {"uv": [1, 14, 0, 16], "texture": "#2", "cullface": "north"},
				"east": {"uv": [3, 14, 0, 16], "texture": "#2"},
				"south": {"uv": [2, 14, 3, 16], "texture": "#2"},
				"west": {"uv": [0, 14, 3, 16], "texture": "#2", "cullface": "west"},
				"up": {"uv": [0, 0, 0, 0], "texture": "#2"}
			}
		},
		{
			"from": [0.00048, 0.00086, 7.00054],
			"to": [3.00048, 2.00086, 9.00054],
			"faces": {
				"north": {"uv": [7, 14, 8, 16], "texture": "#2"},
				"east": {"uv": [9, 14, 7, 16], "texture": "#2"},
				"south": {"uv": [8, 14, 9, 16], "texture": "#2"},
				"west": {"uv": [7, 14, 9, 16], "texture": "#2"},
				"up": {"uv": [0, 0, 0, 0], "texture": "#2"}
			}
		},
		{
			"from": [0.5, 0.00006, 3.00096],
			"to": [2.5, 2.00006, 13.00096],
			"faces": {
				"north": {"uv": [14, 14, 15, 16], "texture": "#2"},
				"east": {"uv": [13, 14, 3, 16], "texture": "#2"},
				"south": {"uv": [1, 14, 2, 16], "texture": "#2"},
				"west": {"uv": [3, 14, 13, 16], "texture": "#2"},
				"up": {"uv": [0, 0, 0, 0], "texture": "#2"}
			}
		},
		{
			"from": [0.00084, 0.0007, 12.99938],
			"to": [3.00084, 2.0007, 15.99938],
			"faces": {
				"north": {"uv": [13, 14, 14, 16], "texture": "#2"},
				"east": {"uv": [16, 14, 13, 16], "texture": "#2"},
				"south": {"uv": [15, 14, 16, 16], "texture": "#2"},
				"west": {"uv": [13, 14, 16, 16], "texture": "#2"},
				"up": {"uv": [0, 0, 0, 0], "texture": "#2"}
			}
		},
		{
			"from": [-0.5, 0.99906, 10.99992],
			"to": [3.5, 1.99906, 12.99992],
			"faces": {
				"north": {"uv": [11, 14, 13, 15], "texture": "#2"},
				"east": {"uv": [11, 14, 13, 15], "texture": "#2"},
				"south": {"uv": [11, 14, 13, 15], "texture": "#2"},
				"west": {"uv": [11, 14, 13, 15], "texture": "#2", "cullface": "west"},
				"up": {"uv": [11, 14, 13, 15], "texture": "#2"},
				"down": {"uv": [11, 14, 13, 15], "texture": "#2"}
			}
		}
	]
}