{
	"credit": "Hecho por Melany <3",
	"parent": "block/thin_block",
	"textures": {
		"particle": "#wool"
	},
	"elements": [
		{
			"from": [-0.025, 0, -0.025],
			"to": [16.025, 1, 16.025],
			"faces": {
				"north": {"uv": [0, 15, 16, 16], "texture": "#wool", "cullface": "north"},
				"east": {"uv": [0, 15, 16, 16], "texture": "#wool", "cullface": "east"},
				"south": {"uv": [0, 15, 16, 16], "texture": "#wool", "cullface": "south"},
				"west": {"uv": [0, 15, 16, 16], "texture": "#wool", "cullface": "west"},
				"up": {"uv": [0, 0, 16, 16], "texture": "#wool"},
				"down": {"uv": [0, 0, 16, 16], "texture": "#wool", "cullface": "down"}
			}
		},
		{
			"from": [-0.025, -16, -0.025],
			"to": [-0.025, 0, 16.025],
			"faces": {
				"east": {"uv": [0, 0, 16, 16], "texture": "#side", "cullface": "east"},
				"west": {"uv": [0, 0, 16, 16], "texture": "#side", "cullface": "west"}
			}
		},
		{
			"from": [16.025, -16, -0.025],
			"to": [16.025, 0, 16.025],
			"faces": {
				"east": {"uv": [0, 0, 16, 16], "texture": "#side", "cullface": "east"},
				"west": {"uv": [0, 0, 16, 16], "texture": "#side", "cullface": "west"}
			}
		},
		{
			"from": [-0.025, -16, 16.025],
			"to": [16.025, 0, 16.025],
			"faces": {
				"north": {"uv": [0, 0, 16, 16], "texture": "#side", "cullface": "north"},
				"south": {"uv": [0, 0, 16, 16], "texture": "#side", "cullface": "south"}
			}
		},
		{
			"from": [-0.025, -16, -0.025],
			"to": [16.025, 0, -0.025],
			"faces": {
				"north": {"uv": [0, 0, 16, 16], "texture": "#side", "cullface": "north"},
				"south": {"uv": [0, 0, 16, 16], "texture": "#side", "cullface": "south"}
			}
		}
	],
	"display": {
		"gui": {
			"rotation": [30, 225, 0],
			"translation": [0, 1.75, 0],
			"scale": [0.625, 0.625, 0.625]
		}
	}
}