{
  "structures": [
    {
      "structure": "idas:abandonedhouse",
      "weight": 5
    },
    {
      "structure": "idas:bearclaw_inn",
      "weight": 5
    },
    {
      "structure": "idas:hermits_hollow",
      "weight": 4
    },
    {
      "structure": "idas:hunters_cabin",
      "weight": 4
    },
    {
      "structure": "idas:castle",
      "weight": 5
    },
    {
      "structure": "idas:brickhouse",
      "weight": 5
    },
    {
      "structure": "idas:enchantingtower",
      "weight": 4
    },
    {
      "structure": "idas:wizard_tower",
      "weight": 4
    },
    {
      "structure": "idas:redhorn_guild",
      "weight": 3
    },
    {
      "structure": "idas:beekeepers_house",
      "weight": 5
    },
    {
      "structure": "idas:farmhouse",
      "weight": 5
    },
    {
      "structure": "idas:witches_treestump",
      "weight": 3
    },
    {
      "structure": "idas:fishermans_lodge",
      "weight": 3
    },
    {
      "structure": "idas:haunted_manor",
      "weight": 1
    },
    {
      "structure": "idas:winter_wagon",
      "weight": 1
    },
    {
      "structure": "idas:apothecary_abode",
      "weight": 1
    },
    {
      "structure": "idas:treetop_tavern",
      "weight": 1
    }
  ],
  "placement": {
    "salt": 18763442,
    "spacing": 20,
    "separation": 17,
    "type": "integrated_api:advanced_random_spread",
    "super_exclusion_zone": {
      "chunk_count": 2,
      "other_set": "#idas:common_avoid"
    }
  }
}