{
    "display": {
        "title": {
            "text": "What Do We Have Here?",
            "bold": false,
            "italic": true,
            "color": "gold"
        },
        "description": {
            "text": "Find Alarics Notes",
		"color": "gray"
        },
        "icon": {
            "item": "minecraft:written_book"
        },
        "frame": "goal",
        "show_toast": true,
        "announce_to_chat": false,
        "hidden": false
    },
    "criteria": {
        "fangsword": {
            "trigger": "minecraft:inventory_changed",
            "conditions": {
                "items": [
                    {
                        "count": {
                            "min": 1,
                            "max": 1
                        },
                        "item": "minecraft:written_book",
                        "nbt": "{secret:1b}"
                    }
                ]
            }
        }
    },
    "parent": "gd:traders"
}