{
  "parent": "gd:cloud_nomads",
  "display": {
    "title": {
      "text": "Artifacts of the Lands Beyond",
      "bold": false,
      "italic": true,
      "color": "aqua"
    },
    "description": {
      "text": "Find all Artifacts of the Lands Beyond",
      "color": "gray"
    },
    "icon": {
      "item": "minecraft:echo_shard"
    },
    "frame": "task",
    "show_toast": true,
    "announce_to_chat": false,
    "hidden": false
  },
  "criteria": {
        "artifact_1": {
            "trigger": "minecraft:inventory_changed",
            "conditions": {
                "items": [
                    {
                        "count": {
                            "min": 1,
                            "max": 1
                        },
                        "item": "minecraft:enchanted_book",
                        "nbt": "{artifact_1:1b}"
                    }
                ]
            }
        },
    "artifact_2": {
            "trigger": "minecraft:inventory_changed",
            "conditions": {
                "items": [
                    {
                        "count": {
                            "min": 1,
                            "max": 1
                        },
                        "item": "minecraft:echo_shard",
                        "nbt": "{artifact_2:1b}"
                    }
                ]
            }
        }
  },
  "requirements": [
    ["artifact_1"], ["artifact_2"]
  ],
  "rewards": {
    "experience": 500
  },
  "sends_telemetry_event": true
}
