{
    "display": {
        "title": {
            "text": "Center of the Labyrinth",
            "bold": false,
            "italic": true,
		"color": "gold"
        },
        "description": {
            "text": "Defeat the Blazing Devil",
		"color": "gray"
        },
        "icon": {
            "item": "minecraft:wither_skeleton_skull"
        },
        "frame": "challenge",
        "show_toast": true,
        "announce_to_chat": false,
        "hidden": false
    },
    "criteria": {
        "bossdevil": {
            "trigger": "minecraft:player_killed_entity",
            "conditions": {
                "entity": {
                    "nbt": "{Tags:[Boss_Devil]}"
                }
            }
        }
    },
    "parent": "gd:maze"
}