{
    "display": {
        "title": {
            "text": "Neither Bird nor Plane",
            "bold": false,
            "italic": true,
            "color": "gold"
        },
        "description": {
            "text": "Get the Flicia Shield of Levitation",
		"color": "gray"
        },
        "icon": {
            "item": "minecraft:shield"
        },
        "frame": "goal",
        "show_toast": true,
        "announce_to_chat": false,
        "hidden": false
    },
    "criteria": {
        "fliciashield": {
            "trigger": "minecraft:inventory_changed",
            "conditions": {
                "items": [
                    {
                        "count": {
                            "min": 1,
                            "max": 1
                        },
                        "item": "minecraft:shield",
                        "nbt": "{flicia_shield:1b}"
                    }
                ]
            }
        }
    },
    "parent": "gd:marrow"
}