{
    "display": {
        "title": {
            "text": "That's new..",
            "bold": false,
            "italic": true,
            "color": "gold"
        },
        "description": {
            "text": "Find the Emberstone Sabatons",
		"color": "gray"
        },
        "icon": {
            "item": "minecraft:iron_boots"
        },
        "frame": "goal",
        "show_toast": true,
        "announce_to_chat": false,
        "hidden": false
    },
    "criteria": {
        "lavaboots": {
            "trigger": "minecraft:inventory_changed",
            "conditions": {
                "items": [
                    {
                        "count": {
                            "min": 1,
                            "max": 1
                        },
                        "item": "minecraft:iron_boots",
                        "nbt": "{emberstone_sabatons:1b}"
                    }
                ]
            }
        }
    },
    "parent": "gd:netherrock"
}