{
    "display": {
        "title": {
            "text": "Slow but Effective",
            "bold": false,
            "italic": true,
            "color": "dark_purple"
        },
        "description": {
            "text": "Get the Crystal Knife",
		"color": "gray"
        },
        "icon": {
            "item": "minecraft:iron_sword"
        },
        "frame": "goal",
        "show_toast": true,
        "announce_to_chat": false,
        "hidden": false
    },
    "criteria": {
        "poisonsword": {
            "trigger": "minecraft:inventory_changed",
            "conditions": {
                "items": [
                    {
                        "count": {
                            "min": 1,
                            "max": 1
                        },
                        "item": "minecraft:iron_sword",
                        "nbt": "{poisonsword:1b}"
                    }
                ]
            }
        }
    },
    "parent": "gd:witches"
}