{
    "display": {
        "title": {
            "text": "Old Man's Sickle",
            "bold": false,
            "italic": true,
            "color": "dark_purple"
        },
        "description": {
            "text": "Get a Sickle",
		"color": "gray"
        },
        "icon": {
            "item": "minecraft:golden_hoe"
        },
        "frame": "goal",
        "show_toast": true,
        "announce_to_chat": false,
        "hidden": false
    },
    "criteria": {
        "poisonsword": {
            "trigger": "minecraft:inventory_changed",
            "conditions": {
                "items": [
                    {
                        "count": {
                            "min": 1,
                            "max": 1
                        },
                        "item": "minecraft:golden_hoe",
                        "nbt": "{sickle:1b}"
                    }
                ]
            }
        }
    },
    "parent": "gd:rogue_merchants"
}