{
  "pools": [
    {
      "rolls": 1,
      "entries": [
        {
          "type": "item",
          "name": "minecraft:written_book",
          "weight": 100,
          "functions": [
            {
              "function": "set_nbt",
              "tag": "{pages:['{\"text\":\"Reinforcement of Diamond Halberts:\\\\n\\\\n1x Worn Diamond Halbert\\\\n32x Diamonds\\\\n1x Netherite Ingot\\\\n1x Smithing Tongs\\\\n\\\\nAll materials need to be put together on an anvil.\"}'],title:\"Reinforcement - Diamond Halberts\",author:unknown,generation:1,display:{Lore:[\"Worn Diamond Halbert\"]}}"
            }
          ]
        }
      ]
    }
  ]
}