{
  "pools": [
    {
      "rolls": 1,
      "entries": [
        {
          "type": "item",
          "name": "minecraft:written_book",
          "weight": 100,
          "functions": [
            {
              "function": "set_nbt",
              "tag": "{pages:['{\"text\":\"Reinforcement of Jasker\\'s Hoplite Sword:\\\\n\\\\n1x Hoplite Sword\\\\n32x Iron Ingot\\\\n1x Netherite Ingot\\\\n1x Smithing Tongs\\\\n\\\\nAll materials need to be put together on an anvil.\"}'],title:\"Reinforcement - Hoplite Swords\",author:unknown,generation:1,display:{Lore:[\"Jasker's Hoplite Sword\"]}}"
            }
          ]
        }
      ]
    }
  ]
}