{
  "pools": [
    {
      "rolls": 20,
      "entries": [
        {
          "type": "minecraft:item",
          "name": "minecraft:amethyst_shard",
          "weight": 5,
          "functions": [
            {
              "function": "minecraft:set_nbt",
              "tag": "{shard:1b,display:{Name:'[\"\",{\"text\":\"Soul Shard\",\"italic\":false,\"color\":\"#cc33cc\"}]',Lore:['[\"\",{\"text\":\"Used to reinforce magical tools\",\"italic\":false,\"color\":\"gray\"}]','[\"\",{\"text\":\"and weapons from the Lands Beyond\",\"italic\":false,\"color\":\"gray\"}]']},Enchantments:[{lvl:5,id:unbreaking}],HideFlags:1}"
            }
          ]
        },
        {
          "type": "minecraft:item",
          "name": "minecraft:sugar",
          "weight": 100,
          "functions": [
            {
              "function": "minecraft:set_count",
              "count": 3
            }
          ]
        },
        {
          "type": "minecraft:item",
          "name": "minecraft:phantom_membrane",
          "weight": 50
        },
        {
          "type": "minecraft:item",
          "name": "minecraft:dragon_breath",
          "weight": 20
        },
        {
          "type": "minecraft:item",
          "name": "minecraft:magma_cream",
          "weight": 60,
          "functions": [
            {
              "function": "minecraft:set_count",
              "count": 2
            }
          ]
        },
        {
          "type": "minecraft:item",
          "name": "minecraft:ghast_tear",
          "weight": 30
        },
        {
          "type": "minecraft:item",
          "name": "minecraft:rabbit_foot",
          "weight": 40
        },
        {
          "type": "minecraft:item",
          "name": "minecraft:fermented_spider_eye",
          "weight": 90,
          "functions": [
            {
              "function": "minecraft:set_count",
              "count": 2
            }
          ]
        },
        {
          "type": "minecraft:item",
          "name": "minecraft:blaze_powder",
          "weight": 70,
          "functions": [
            {
              "function": "minecraft:set_count",
              "count": 2
            }
          ]
        },
        {
          "type": "minecraft:item",
          "name": "minecraft:glistering_melon_slice",
          "weight": 70
        },
        {
          "type": "minecraft:item",
          "name": "minecraft:golden_carrot",
          "weight": 80,
          "functions": [
            {
              "function": "minecraft:set_count",
              "count": 2
            }
          ]
        },
        {
          "type": "minecraft:item",
          "name": "minecraft:enchanted_golden_apple",
          "weight": 10
        }
      ]
    }
  ]
}
