{
  "pools": [
    {
      "rolls": 1,
      "entries": [
        {
          "type": "item",
          "name": "minecraft:written_book",
          "weight": 100,
          "functions": [
            {
              "function": "set_nbt",
              "tag": "{pages:['{\"text\":\"Reinforcement of Root Longbow:\\\\n\\\\n1x Root Longbow\\\\n8x Torchflower\\\\n1x Netherite Ingot\\\\n1x Fletcher\\'s Handsaw\\\\n\\\\nAll materials need to be put together on a fletching table.\"}'],title:\"Reinforcement - Root Longbow\",author:unknown,generation:1,display:{Lore:[\"Root Longbow\"]}}"
            }
          ]
        }
      ]
    }
  ]
}