{
  "pools": [
    {
      "rolls": 1,
      "entries": [
        {
          "type": "item",
          "name": "minecraft:written_book",
          "weight": 100,
          "functions": [
            {
              "function": "set_nbt",
              "tag": "{pages:['{\"text\":\"Reinforcement of the Sacred Relic Sword:\\\\n\\\\n1x Sacred Relic Sword\\\\n8x Enchanted Golden Apple\\\\n1x Netherite Ingot\\\\n1x Soul Shard\\\\n\\\\nAll materials need to be put together on a fully charged Respawn Anchor.\"}'],title:\"Reinforcement - Relic Sword\",author:unknown,generation:1,display:{Lore:[\"Sacred Relic Sword\"]}}"
            }
          ]
        }
      ]
    }
  ]
}
