{
  "pools": [
    {
      "rolls": 1,
      "entries": [
        {
          "type": "item",
          "name": "minecraft:written_book",
          "weight": 100,
          "functions": [
            {
              "function": "set_nbt",
              "tag": "{pages:['{\"text\":\"Reinforcement of the Windlass Crossbow:\\\\n\\\\n1x Medium Crossbow\\\\n64x Iron Ingots\\\\n1x Netherite Ingot\\\\n1x Fletcher\\'s Handsaw\\\\n\\\\nAll materials need to be put together on a fletching table.\"}'],title:\"Reinforcement - Windlass Crossb.\",author:unknown,generation:1,display:{Lore:[\"Windlass Crossbow\"]}}"
            }
          ]
        }
      ]
    }
  ]
}